Player,TEAM,AGE,GP,MIN,FGA,FTA,FGM3,FGA3,PTS,BLK,STL,AST,TOV,REB.Chances,Opp.FGA.at.Rim,Opp.FGPer.at.Rim,RAFGA,Passes.Made.per.Game,Touches.per.Game,AO,SecondAST,FTAst,AST.PTS.Created,Drive.PTS,Catch.Shoot.PTS,Pull.Up.PTS,Paint.Touch.PTS,Post.Touch.PTS,Elbow.Touch.PTS
Aaron Brooks,CHI,31,45,15.9,6.8,0.9,1,2.8,6.9,0.2,0.4,2.5,1,3.2,0.9,52.4,2,24.2,33.7,4.8,0.7,0.2,6.1,2.6,1.8,2.1,0,0,0
Aaron Gordon,ORL,20,54,22.2,6.4,2.3,0.5,1.5,7.8,0.7,0.7,1.5,0.9,10.7,2.7,46.2,3,26.8,36.1,2.4,0.3,0.1,3.4,1.1,1.7,0.7,1.1,1.4,0.3
Aaron Harrison,CHA,21,13,4.2,0.8,0.5,0.1,0.2,0.5,0,0.3,0,0.2,1.5,0.2,0,0.3,1.9,3.2,0.1,0.1,0,0,0.1,0.2,0,0,0,0
Adreian Payne,MIN,25,35,9.5,2.7,0.3,0.2,0.7,2.6,0.3,0.3,0.5,0.6,3.9,2.2,62.3,0.8,14.7,18.9,0.9,0.1,0,1.1,0.2,0.9,0.4,0.5,0.4,0.2
Al Horford,ATL,29,58,32,12.9,1.7,1,3,15.4,1.6,0.8,3.1,1.3,13.2,7.9,49.3,4.2,45.9,62.4,6.5,0.8,0.3,7.7,0.9,6.2,0.4,3.2,3.6,1
Al Jefferson,CHA,31,21,25,11.5,2,0,0,12.5,1,0.7,1.5,0.9,11.2,5.4,58.8,3.4,19,32.8,2.7,0.2,0.2,3.7,0,3,0.5,3.6,4.3,0.8
Al-Farouq Aminu,POR,25,57,29.2,9,1.9,1.4,4.1,10.1,0.7,0.9,1.6,1.6,11.6,3.2,52.2,2.9,25.2,37.7,3.1,0.5,0.3,4,1.5,4.2,1.1,0.9,0.9,0.2
Alec Burks,UTA,24,28,27.1,11.6,5,1,2.7,14.3,0.1,0.6,2.1,1.8,6.4,2.3,64.1,4.1,34.9,52.1,4.8,0.4,0.3,4.9,5.5,1.9,3.7,0.1,0.4,0.5
Alex Len,PHX,22,53,19.8,6.2,2.3,0,0.1,7.4,0.9,0.5,0.9,1.4,12.4,4.7,49.4,3.5,22.4,31.8,1.7,0.2,0,2.2,0.2,1.1,0.1,2.8,3.4,0.7
Alex Stepheson,LAC,28,2,4.4,0.5,0,0,0,1,0.5,0,0,0,2.5,1,100,0.5,2,3.5,0,0,0,0,0,0,0,0,0,0
Alexis Ajinca,NOP,27,44,12.3,4,0.8,0,0,4.6,0.5,0.3,0.4,0.6,7,2.8,51.2,1.7,16.4,21.8,0.8,0.1,0,1.1,0.2,1.4,0.1,1.5,1.6,1
Allen Crabbe,POR,23,56,26,9,1.3,1.4,3.6,10.9,0.2,0.9,1.2,0.9,4.3,1.1,45,1.4,20.9,31.9,2.7,0.4,0.3,3,0.5,4.8,2.8,0.4,0.4,0.3
Alonzo Gee,NOP,28,56,21.5,3.2,0.7,0.3,0.9,3.9,0.2,0.9,0.9,0.7,6.7,1.9,55.1,1.8,16.1,20.9,1.6,0.3,0.1,2.3,0.7,0.9,0.1,0.5,0.5,0
Amar'e Stoudemire,MIA,33,28,14.4,4.1,1.5,0,0,5.3,0.8,0.3,0.8,1,8.5,3.1,48.3,3.1,14,20.5,1.4,0.1,0,1.7,0,0.3,0.2,2.3,2.9,0.3
Amir Johnson,BOS,28,55,22.9,5.5,1.4,0.2,0.7,7.3,1,0.7,1.7,1.2,12.7,5.8,48.9,3.5,32.3,40.4,3,0.7,0.2,3.9,0.4,0.5,0.2,3,3.2,0.2
Anderson Varejao,GSW,33,31,10,2.5,0.7,0,0,2.6,0.2,0.4,0.6,0.5,6.1,2.2,57.4,0.8,15.8,19.6,1.5,0.2,0,1.6,0.2,0.8,0.1,0.5,0.5,1.1
Andre Drummond,DET,22,57,33.8,13.6,7.8,0,0.1,16.9,1.5,1.6,0.8,2.1,22.6,9.1,52.4,9.6,27.8,46.3,2.1,0.4,0.1,2.1,0.5,0.4,0.3,6.3,7.1,0.5
Andre Iguodala,GSW,32,54,27.2,6,1.4,0.9,2.6,7.5,0.3,1.2,3.5,1.3,6.4,1.9,59,2,33.7,43.3,6.3,1.1,0.4,8.8,0.6,2.5,1.1,0.9,0.8,0.1
Andre Miller,MIN,39,26,10.8,2.2,0.7,0,0.2,3.4,0,0.3,2.2,1,2.1,0.5,69.2,1.4,19.2,24.3,4.4,0.3,0.2,5.4,1.3,0.1,0.7,0.5,0.6,0
Andre Roberson,OKC,24,45,21.7,4.1,0.8,0.4,1.4,4.9,0.7,0.9,0.8,0.6,6.6,2,49.4,2.5,12.8,18.3,1.6,0.3,0.1,1.9,0.4,1,0.1,1,1.2,0.2
Andrea Bargnani,BKN,30,46,13.8,6.1,1.2,0.1,0.3,6.6,0.2,0.1,0.4,0.6,4,2,65.6,1,15.7,23.1,0.7,0.2,0,1,0.5,3.3,1,0.7,0.6,1.6
Andrew Bogut,GSW,31,47,20.9,4.1,0.8,0,0,5.3,1.8,0.4,2.1,1.1,12,7,43,3.1,31,37.2,3.9,0.8,0.1,5.1,0.1,0.1,0.1,2.8,3,0.2
Andrew Nicholson,ORL,26,36,15.3,5.4,0.9,0.7,2,6.1,0.4,0.2,0.3,0.8,7.1,2.5,51.7,1.6,15.3,22.5,0.9,0.2,0,0.9,0.6,2.2,0.3,0.7,1.1,0
Andrew Wiggins,MIN,21,56,35.1,16.4,7.4,0.6,2.3,20.7,0.6,0.8,1.9,2.1,7.7,2.4,54,6,23.7,47.1,4.1,0.7,0.2,4.3,4.1,2.1,4,2.1,2.5,2.2
Anthony Bennett,TOR,22,17,4.7,1.5,0.6,0.1,0.8,1.5,0,0.3,0,0.2,1.9,0.5,100,0.6,7.9,9.8,0.2,0.1,0,0,0.1,0.4,0,0.4,0.4,0
Anthony Brown,LAL,23,25,19,4,0.7,0.7,2.3,3.8,0.2,0.4,0.5,0.6,4.4,1.5,70.3,0.6,14.2,19.6,1.5,0.2,0,1.2,0.4,2.1,0.7,0,0,0
Anthony Davis,NOP,22,50,35.7,18.2,6.9,0.5,1.6,24,2.2,1.3,1.9,2,15.6,6.3,47.9,6.4,43.4,67.8,3.9,0.3,0.2,4.6,1.1,4.9,2.5,5.2,5.2,3.3
Anthony Morrow,OKC,30,50,14.4,5,0.4,1.2,3,5.5,0.1,0.4,0.3,0.2,1.7,0.9,54.5,0.4,7.6,13.1,0.7,0,0.1,0.8,0.3,3.3,1.1,0,0.1,0.1
Anthony Tolliver,DET,30,55,19.8,4.7,0.7,1.4,3.8,5.4,0.2,0.4,0.8,0.4,6.9,2.6,50.3,0.5,25.5,31.5,2,0.2,0.1,2,0.2,4.3,0,0.2,0.1,0.1
Archie Goodwin,PHX,21,37,20.9,7.9,3.8,0.5,1.8,9.6,0.2,0.5,2.2,1.9,5.1,1.1,57.5,4.7,32.4,46.1,4.1,0.7,0.2,5.4,3.2,0.9,1.1,0.5,0.8,0.2
Aron Baynes,DET,29,56,14.3,4.5,1.7,0,0,5.6,0.6,0.3,0.7,0.9,9.4,4.9,49.8,2.6,11.2,17.2,1.6,0.2,0.1,1.8,0,0.7,0.1,2.6,2.8,0.4
Arron Afflalo,NYK,30,50,34.3,12.1,2,1.4,3.6,14.1,0.2,0.4,2,1.1,5.9,1.1,61.4,2.1,39.1,54.5,4.6,0.8,0.4,4.7,1.5,4,4.9,0.9,1.2,1.1
Austin Rivers,LAC,23,46,21.6,7.3,1.3,0.7,2.5,8.1,0.2,0.7,1.3,0.9,3.7,1.3,41.4,2.7,27.2,37.7,3,0.5,0.1,3.3,2.8,1.8,1.6,0.6,0.5,0.2
Avery Bradley,BOS,25,53,33.1,13.5,1.4,2.2,5.8,15.3,0.2,1.5,2.1,1.5,5.1,1.5,52.6,2.8,22.3,39,3.9,0.7,0.2,4.9,0.8,6.5,3.7,1.2,1.3,0.8
Ben McLemore,SAC,23,51,20.9,6.2,1.6,0.9,2.5,7.6,0.1,0.8,1.2,1.5,4.5,1.5,60,2.2,14.4,23.2,1.9,0.2,0.1,2.9,1.1,2.8,0.7,0.5,0.5,0.5
Beno Udrih,MIA,33,44,16.1,4.5,0.5,0.3,1,4.7,0,0.3,2.6,1.2,3,1,57.1,1,32.7,40.6,5.5,0.7,0.3,5.9,0.9,1.1,2,0.1,0.2,0
Bismack Biyombo,TOR,23,55,22.2,3.4,2.8,0,0,5.4,1.5,0.2,0.3,1,14.3,6.7,45,2.6,22.8,28.7,0.8,0.2,0.1,0.6,0,0.2,0.1,2.8,3.1,0.2
Blake Griffin,LAC,26,30,34.9,18.4,5.9,0.2,0.6,23.2,0.6,0.7,5,2.4,14.5,4.8,56.6,6.9,62.5,90,9.4,0.6,0.2,12.1,3.7,5.9,2.7,3.1,3.2,3.2
Boban Marjanovic,SAS,27,36,8.5,3.1,2.3,0,0,5.6,0.4,0.3,0.4,0.6,5.4,2.5,44.9,2.1,8.2,12.8,0.6,0.1,0,0.8,0,0.2,0.1,3,3.2,0.2
Bobby Portis,CHI,21,35,16.9,7.1,1.1,0.3,0.8,7.5,0.4,0.5,0.6,1,10.4,3.7,47.7,2.6,21.1,30.5,1.3,0.2,0,1.5,0.3,2.1,0.5,1.2,1.3,0.3
Bojan Bogdanovic,BKN,26,57,26,8.2,1.2,1.4,3.9,9.4,0.1,0.4,1.1,1.2,5.1,2,62.1,2.4,18.6,29.7,2.2,0.2,0.1,2.5,1.4,3.9,1.3,0.3,0.5,0.5
Boris Diaw,SAS,33,56,18.9,5.3,1,0.4,1,6.7,0.3,0.4,2.5,1.2,6.4,3.1,52.6,2.7,31.6,39.4,4.5,0.5,0.2,5.9,1.3,1.4,0.4,1.1,1.8,0.2
Bradley Beal,WAS,22,34,31.2,14.9,3.3,2,5.1,18.3,0.3,0.9,2.9,2.1,6.4,2.1,53.5,3.7,34,53.6,6.2,0.7,0.3,7,3.9,4.6,5.7,0.6,0.6,1
Brandan Wright,MEM,28,9,17.5,4,2,0,0,6,1.2,0.2,0.6,0.8,7,2.9,42.3,2.2,16.1,22.1,1.8,0,0,1.3,0,0.4,0,3.1,2.6,0.4
Branden Dawson,LAC,23,3,4.7,1,0,0,0,0.7,0.3,0,0,0,2,0.3,100,1,2.3,3.3,0,0,0,0,0,0,0,0,0,0
Brandon Bass,LAL,30,50,19.4,4.5,1.9,0,0,6.5,0.9,0.5,1.2,0.7,8.6,3.5,55.9,2.8,18.1,24.8,2.4,0.1,0.1,2.8,0.3,0.6,0.2,2.5,2.5,0.7
Brandon Jennings,ORL,26,26,18.3,6.5,1.9,1.2,3.5,7.4,0.1,0.5,3.2,1.2,3.3,0.7,73.7,1.6,35.8,47,7.5,0.6,0.4,7.9,1.4,1.6,2.9,0,0,0
Brandon Knight,PHX,24,42,36.3,17.3,3.4,2.1,6.2,19.7,0.3,1.3,5.1,3.5,6.6,1.5,64.5,4.8,56.1,82.3,10.2,1,0.4,12.6,4.9,3.5,6.8,0.4,0.4,0.4
Brandon Rush,GSW,30,46,15.6,4,0.5,1,2.3,4.7,0.3,0.3,0.9,0.5,4.9,1.5,51.5,1,15.4,20.5,1.8,0.4,0.1,2.3,0.4,2.8,0.7,0.2,0.2,0
Brian Roberts,POR,30,31,10.9,3.8,1.2,0.3,0.9,4.9,0,0.2,1.2,0.5,1.5,0.5,37.5,0.9,17.5,23.7,2.9,0.6,0.1,3,1.3,0.6,2,0.3,0.3,0.2
Brook Lopez,BKN,27,57,33.8,16.1,5.4,0,0.1,20.6,1.8,0.8,1.7,2.3,14.8,9.8,46,6.1,30.1,52.3,3.6,0.6,0.2,4.1,1.4,3.8,1.3,5.4,6,2.5
Bruno Caboclo,TOR,20,3,1.3,0.7,0,0,0,0,0,0.3,0,0.3,0.3,0,0,0,0.3,1.7,0,0,0,0,0,0,0,0,0,0
Bryce Cotton,PHX,23,3,10.9,2.7,0,0,1,1.3,0,1,1,1.7,1,0.3,0,0.3,17.7,23,2,1,0.3,2.7,0,0,0.7,0.7,0.7,0
Bryce Dejean-Jones,NOP,23,14,19.9,4.9,1.5,0.9,2.3,5.6,0.1,0.7,1.1,0.8,5.2,1.7,45.8,1.7,13.8,20.6,1.5,0.4,0.2,2.6,1.4,1.7,1.7,0.1,0.3,0.1
CJ McCollum,POR,24,55,35,18.3,2.7,2.5,6.1,21.1,0.3,1.2,4.3,2.4,6.2,2,56.8,4,48,72.7,9,1.4,0.6,10.3,4.7,4.9,9,0.3,0.5,0.3
CJ Miles,IND,28,49,24.6,10.3,2.2,2.1,6.1,12,0.4,0.9,1.1,1.2,6.1,2.7,48.5,2.1,21.4,34.5,2.2,0.3,0.2,2.6,1.6,5.4,2.3,0.1,0.2,0.3
CJ Watson,ORL,31,11,17.7,3.8,0.9,0.5,1.5,3.9,0,1,2.4,0.8,3.6,0.9,80,0.8,29.5,36.5,5.5,0.6,0.3,5.7,0.5,1.4,0.7,0,0,0
CJ Wilcox,LAC,25,11,4.3,2.1,0.3,0.3,0.7,1.7,0,0.3,0.4,0.1,0.5,0.2,100,0.3,3,5.5,0.4,0,0,0.9,0,0.5,0.8,0,0,0.2
Cameron Bairstow,CHI,25,15,5.9,2.3,0.4,0,0.3,1.5,0.2,0.1,0.3,0.2,3.4,1.2,33.3,0.9,8.4,11.1,0.6,0.1,0.1,0.7,0.7,0.4,0,0.1,0.3,0.1
Cameron Payne,OKC,21,39,12.1,5,0.4,0.8,2.1,5.5,0.1,0.7,2,0.7,2.6,0.9,55.9,0.9,20,27,3.6,0.3,0.1,4.7,1,1.5,2.4,0.1,0,0.1
Carl Landry,PHI,32,16,11.1,4.6,1.6,0.1,0.2,6.1,0.4,0.3,0.5,0.7,5,1.9,41.9,1.7,10.2,16.7,0.8,0.2,0.1,1.3,0,2.6,0.1,1.4,1.9,0.4
Carmelo Anthony,NYK,31,51,35,17.7,6.2,1.3,4,21.6,0.5,0.9,4.2,2.5,11.4,2,42.7,4.6,42.5,67.3,8.1,0.8,0.4,10.1,2.1,4.4,6.4,1.5,1.4,2.6
Caron Butler,SAC,35,9,9.6,2.9,0.2,0.1,0.9,2.7,0,0.6,0.3,0.2,2.6,1,50,0.2,11.1,15.1,0.8,0.1,0,1,0.3,1.1,0.8,0.3,0.3,0
Chandler Parsons,DAL,27,49,28.4,10,2.2,1.6,3.8,12.8,0.4,0.6,2.4,1.5,7.4,1.4,47.8,3.6,33.2,48,4.9,0.5,0.3,6.2,2.9,3.9,2.2,0.8,1,0.7
Channing Frye,CLE,32,45,16.9,4.2,0.5,1.1,2.7,5.1,0.4,0.5,1,0.7,5.9,2.9,48.4,0.7,22.7,28,1.5,0.3,0.1,2.3,0.1,3.7,0.1,0.5,0.6,0
Charles Hayes,HOU,32,2,11.9,1,1,0,0,2,0,0,1,1.5,7,6.5,23.1,0.5,16.5,19.5,1.5,0,0,2,0,0,0,0,1,0
Charlie Villanueva,DAL,31,46,11.9,5.9,0.4,0.8,3,5.7,0.2,0.3,0.4,0.6,4.2,1.8,58,1.5,14.3,21.4,0.8,0,0,1,1.1,2.2,0.6,0.4,0.4,0.3
Chase Budinger,IND,27,43,15.1,4,1,0.4,1.5,4.4,0.2,0.6,1,0.6,4.3,1.1,53.1,1.5,13.5,19.1,2,0.3,0.3,2.4,0.8,1.3,0.4,0.5,0.6,0.1
Chris Andersen,MEM,37,9,6.3,1.3,0.7,0.2,0.6,2,0.4,0.1,0.4,0.3,4.5,1.8,56.3,0.6,6.3,8.7,0.7,0,0,1,0,0.3,0.3,0.1,0.1,0.2
Chris Bosh,MIA,31,53,33.5,14.5,5.1,1.5,4.2,19.1,0.6,0.7,2.4,1.5,12,5.2,51.3,3.5,43.9,64.1,4.9,0.5,0.1,5.6,2.3,7.3,1.8,2.6,2.4,2.7
Chris Copeland,MIL,31,24,6.5,2.1,0.3,0.4,1.5,2.1,0,0.1,0.5,0.3,1.3,0.9,52.4,0.4,5.3,8.1,0.7,0.1,0,1.1,0.5,1.3,0,0.2,0.2,0
Chris Johnson,UTA,25,47,12.6,2.8,0.7,0.4,1.4,3.2,0.3,0.6,0.8,0.6,3.8,1.1,43.4,0.7,11.6,15.6,1.5,0.1,0.1,1.9,0.5,1.3,0.4,0.1,0.2,0
Chris Kaman,POR,33,9,7.6,3.3,0,0,0.3,2.2,0,0,0.6,0.6,3.2,1.4,61.5,0.9,9.1,13.1,1.1,0.1,0.1,1.4,0,1.3,0,0.4,0.4,0.9
Chris McCullough,BKN,21,4,10.2,3.8,0,0.3,1,2.8,0.3,0.5,0,0.8,3.6,1.5,66.7,0.5,10,14.8,0,0.3,0,0,0,1.8,1,0,0,0
Chris Paul,LAC,30,51,33,15.3,4.3,1.6,4.3,19.5,0.2,2.1,9.5,2.7,7.6,1.7,54.5,2.3,62,87.8,17.5,1.8,1.2,22.4,3.7,1.5,10.1,0.2,0.2,0.6
Christian Wood,PHI,20,14,8.1,3.1,0.9,0.3,0.6,3.6,0.4,0.4,0.2,0.1,5,2.4,38.2,2,10.4,14.4,0.6,0.1,0.1,0.6,0.1,1,0,1,1.1,0.1
Cleanthony Early,NYK,24,10,3.4,0.6,0,0.1,0.4,0.7,0.1,0.1,0.1,0.1,0.4,0.3,33.3,0.3,3.4,4.2,0.4,0,0,0,0,0.3,0,0,0,0
Cliff Alexander,POR,20,7,4.5,1.4,0,0,0,1.4,0.3,0.1,0,0.1,2.1,0.7,20,0.6,5.3,6.9,0.3,0,0,0,0,0,0.3,0.6,0.6,0
Clint Capela,HOU,21,55,20.7,5.3,2.7,0,0,7.2,1.2,0.8,0.7,1,13.2,6.3,50,4.9,23.8,31.9,1.6,0.4,0.1,1.7,0.1,0,0,3.5,3.7,0.4
Cody Zeller,CHA,23,47,24.9,6.6,3.3,0,0.2,9.1,0.7,0.8,0.9,1,12.8,5.7,47.7,4.5,21.5,30.9,2.3,0.4,0.2,2.4,0.6,0.7,0.1,3,2.9,1.1
Cole Aldrich,LAC,27,34,11.7,4,1.8,0,0,5.5,0.8,0.6,1,1,7.5,4,50.4,3.3,18.4,24.6,1.8,0.2,0.1,2.4,0.2,0,0,3.1,2.7,0.4
Corey Brewer,HOU,29,57,21.4,6.9,1.7,0.8,2.9,7.4,0.2,1.1,1.5,1.1,5.6,1.8,63,2.8,15.9,25.4,2.5,0.4,0.3,3.7,1.3,2.5,0.4,0.4,0.5,0.1
Cory Jefferson,PHX,25,8,6.3,2.8,0.8,0,0.1,2.8,0.1,0,0,0,5.4,2.1,41.2,2,6.4,9.4,0.1,0,0,0,0,0,0.3,0.5,0.8,0.5
Cory Joseph,TOR,24,55,25.8,7.2,2.5,0.4,1.3,9,0.3,0.8,3.1,1.3,6,2.1,43.4,2.7,45.7,58.2,6.7,0.7,0.2,7.4,4.5,1,2,0.1,0.1,0.3
Courtney Lee,CHA,30,52,29.1,8.1,1.8,1,2.7,9.9,0.3,1,1.5,1,3.8,1.3,61.5,1.8,26.2,37.3,3.3,0.5,0.1,3.4,1.5,3.6,2.2,0.4,0.4,0.8
Cristiano Felicio,CHI,23,10,4,0.6,0.8,0,0.2,1.2,0.1,0.1,0.8,0.1,3.1,1.3,38.5,0.3,5.7,6.9,1.1,0.3,0,2,0,0.2,0,0.7,0.3,0.6
D'Angelo Russell,LAL,20,56,27.2,11.2,1.8,1.5,4.5,12.1,0.2,1.1,3.4,2.4,7,2,59.3,2.2,46.8,63.6,7.3,0.8,0.4,8,2,3.3,4.3,0.5,0.6,0.4
D.J. Augustin,DEN,28,37,15.9,3.8,1.2,0.8,1.9,4.7,0.1,0.5,2.2,1,2.4,0.7,72,1.1,26.2,33.5,4.5,0.6,0.3,4.9,1.3,1.5,1.2,0,0,0.1
Damian Lillard,POR,25,50,36,19.9,5.9,3.1,8.2,25.1,0.3,1.1,7.2,3.3,8.4,1.5,53.3,6.3,60.3,89.2,13.3,1.3,0.6,17.3,7.4,4.3,8.3,0.4,0.6,0.1
Damien Inglis,MIL,20,8,5.3,1,0.5,0.1,0.6,1,0,0.3,0.3,0.5,1.6,1,62.5,0.4,6,8.4,0.6,0,0.1,0.8,0.3,0.4,0,0,0,0
Damjan Rudez,MIN,29,23,9,2,0.3,0.6,1.5,2.6,0,0,0.4,0.5,1.8,1,47.8,0.4,11.4,14.1,1.1,0,0.1,1,0.1,1.2,0.5,0.5,0.5,0
Danilo Gallinari,DEN,27,51,34.8,13.2,8.3,1.7,4.5,19.8,0.4,0.8,2.5,1.4,9.2,2.6,53.7,4.5,33.3,54.3,5.2,0.4,0.1,5.8,4,4.8,2.5,1.6,1.8,0.6
Danny Green,SAS,28,56,25.8,7.1,0.6,1.5,4.3,7.4,0.8,0.8,1.9,1.1,7.3,2.4,53,1.2,33.4,43,3.5,0.9,0.1,4.2,0.5,4.7,0.9,0.4,0.4,0
Dante Cunningham,NOP,28,54,20.5,3.9,0.5,0.6,1.8,4.3,0.4,0.4,0.6,0.3,5.1,1.9,58.1,1.2,18.4,23.2,1,0.2,0.1,1.6,0.4,2.2,0.2,0.3,0.4,0.1
Darrell Arthur,DEN,27,49,20.5,6.6,0.7,0.4,1.1,7,0.7,0.8,1.3,0.9,8.6,4.1,47.3,1.5,23.1,31.8,2.4,0.2,0.1,3,0.1,3.8,0.7,1,1.3,0.7
Darren Collison,SAC,28,50,28.4,10.2,3.1,1.1,2.9,13.4,0,0.9,3.9,1.7,4.2,0.9,64.3,3.7,41.9,57.3,8.4,1,0.5,9.1,3.1,2.5,3.5,0.3,0.4,0.2
Darrun Hilliard,DET,22,25,9.2,3.1,0.8,0.4,1.1,3.6,0,0.2,0.6,0.6,1.6,0.3,62.5,0.9,7.1,11.4,1.4,0.2,0,1.5,0.8,1.2,0.8,0,0.2,0.1
David Lee,DAL,32,30,15.7,6.4,1.7,0,0,7.1,0.4,0.4,1.8,1.3,9.3,3.6,50,4.3,27.4,36.6,4,0.3,0,4.2,0.7,0.2,0.3,2,2.6,0.8
David West,SAS,35,55,17,5.3,1,0,0.1,6.8,0.6,0.5,1.9,0.9,7.2,3.5,47.4,1.8,21.1,28.5,3.2,0.3,0.1,4.4,0.2,2.4,0.3,1.6,2.1,1
DeAndre Jordan,LAC,27,54,33.9,6.4,7.9,0,0,12.2,2.3,0.6,1.1,1.3,20.7,8,46.9,6.1,41.4,51.7,2.1,0.5,0.2,2.7,0,0,0.1,6,6,0.4
DeJuan Blair,WAS,26,29,7.5,2.3,0.4,0,0,2.1,0.1,0.3,0.4,0.5,4.4,1.6,62.2,1.1,8.6,11.8,0.7,0.1,0,1,0,0.5,0.3,1.1,1.1,0.2
DeMar DeRozan,TOR,26,55,36.1,17.7,8.4,0.6,1.9,23.3,0.3,1,4,2.3,7.8,1.6,66.3,5.5,38.5,64.8,8.6,0.8,0.3,10.3,8.4,2.4,6.1,0.6,0.5,1.5
DeMarcus Cousins,SAC,25,46,34.4,20.5,10.3,1.2,3.3,27.3,1.4,1.3,3.1,3.8,19.3,8.5,47.6,10.4,39.7,70.5,5.9,0.7,0.3,7.5,6,4.8,1.2,5.2,6.2,1.4
DeMarre Carroll,TOR,29,23,31.9,11.1,2.1,1.8,4.8,11.7,0.2,1.7,1,1.2,10.4,2.6,65,3,31.8,46.3,2.2,0.3,0,2.4,1.3,5.1,1.4,0.9,1,0.1
Delon Wright,TOR,23,15,2.9,1,0.4,0.1,0.2,1,0,0.1,0.3,0.2,1.2,0.3,60,0.4,4.5,6.3,0.7,0,0,0.7,0.4,0,0.5,0,0,0
Dennis Schroder,ATL,22,56,21,9.9,2.1,1.1,3.2,11.2,0.1,0.9,4.7,2.2,5.2,1.3,44.4,4.1,40.8,56,9,1.3,0.3,11.3,4.1,2.6,2.8,0.2,0.1,0.1
Deron Williams,DAL,31,48,32.2,12.1,3.1,1.5,4.3,14.4,0.2,0.9,5.5,2.3,5.7,1.6,53.3,2.9,71.9,90.8,11.8,1.3,0.8,13.8,4.6,3.5,3.7,0.4,0.5,0.5
Derrick Favors,UTA,24,39,32.3,13.1,4.6,0,0.1,16.8,1.4,1.2,1.6,1.7,16.3,6.9,45,6,50.3,68.5,3.3,0.5,0.1,4.1,0.3,3.3,0.8,4,5,1.8
Derrick Rose,CHI,27,48,32.2,16.1,3,0.6,2.3,16.5,0.3,0.6,4.8,2.7,6.4,1.8,55.7,5.9,55.1,77.7,9.4,1.3,0.5,11.1,7.4,1.6,4.9,0.4,0.5,0.2
Derrick Williams,NYK,24,57,16.7,6.7,3.4,0.4,1.9,8.7,0.1,0.4,0.8,0.6,5.3,1.1,45.9,2.9,20.4,30.1,1.6,0.3,0.1,2,1.5,1.7,0.9,1.8,1.8,0.8
Devin Booker,PHX,19,51,23.5,8.3,2.5,1.2,3,10.5,0.1,0.5,1.8,1.5,4.7,1.4,61.4,2.1,21.3,33.5,4.1,0.5,0.2,4.5,1.9,3.5,1.8,0.7,0.9,0.7
Devin Harris,DAL,32,41,19.6,5.6,2.2,0.7,2.1,7.4,0.2,0.9,2.1,1,3.7,1.2,67.3,2.5,24.1,33,3.8,0.5,0.3,4.8,1.6,2,0.7,0.4,0.5,0.2
Devyn Marble,ORL,23,8,2.5,0.8,0.1,0,0.3,0.3,0,0.1,0,0.1,0.5,0.1,100,0.3,2.3,3.3,0.4,0,0,0,0.3,0,0,0,0,0
Dewayne Dedmon,ORL,26,33,10.4,2.3,1.1,0,0,3,0.8,0.3,0.2,0.5,6,3.2,40.6,1.6,9.5,12.7,0.7,0,0,0.4,0,0.1,0.1,1.5,1.6,0.3
Dion Waiters,OKC,24,56,28.3,9.1,2,1,2.9,9.6,0.2,1,1.9,1.5,4.5,1.6,56.7,3.1,17.4,30.2,4,0.4,0.2,4.7,2.8,2.6,2.2,0,0,0.3
Dirk Nowitzki,DAL,37,51,31.1,14.2,3.6,1.7,4.4,17.4,0.7,0.7,1.6,1,12,6.7,52.3,1.3,38.3,56.8,3.6,0.7,0.1,4.1,0.3,7.5,3.8,1,1.7,1.4
Donald Sloan,BKN,28,37,20.8,5.2,1.4,0.7,1.6,6.4,0.1,0.5,4,1.4,5.1,1.4,60.4,2.3,43,52.5,7.8,0.7,0.4,9.2,1.9,1.8,1,0.4,0.4,0.3
Donatas Motiejunas,HOU,25,14,13.4,4.4,1,0.5,1.2,5.6,0.1,0.4,1,1.8,4.8,2.7,52.6,1.1,18.1,25.2,1.9,0.3,0.2,2.4,0.3,1.4,0.4,0.9,1.4,0.3
Doug McDermott,CHI,24,54,22.5,7.6,0.5,1.4,3.3,8.7,0.1,0.2,0.6,0.8,4.6,1.9,63.7,2.1,14.6,23.6,1.2,0.2,0,1.5,0.7,4.4,1.5,0.6,0.6,0.3
Draymond Green,GSW,25,54,34.2,10.3,4.1,1.3,3.2,14.1,1.2,1.3,7.3,3,15.1,6.1,44.1,5.6,62.7,79.9,13,1.3,0.8,17.7,2.4,3.8,0.4,2.1,2.2,0.8
Drew Gooden,WAS,34,26,11,3.5,0.5,0.3,1.3,3,0.4,0.3,0.5,0.5,5.5,2.2,50.9,0.8,15.1,19.7,1.1,0.2,0.1,1.3,0.2,1.3,0.2,0.3,0.2,0.1
Dwight Howard,HOU,30,46,32.4,8.7,7.3,0,0.1,14.5,1.5,1.1,1.5,2.5,19.4,7.1,49.1,6.8,40.7,55.3,2.9,0.6,0.2,3.6,0.2,0,0,7.3,8,0.4
Dwight Powell,DAL,24,54,16,4.7,2.4,0,0.2,6.6,0.4,0.5,0.7,0.7,9,3.5,49.2,2.5,23.4,30.5,1.6,0.1,0.1,1.7,0.2,1.2,0.1,3,3.1,0.4
Dwyane Wade,MIA,34,51,30.4,16,5.3,0.1,0.7,18.7,0.5,1,4.7,2.7,7.3,1.5,56,5.5,35.8,59.7,8.8,0.7,0.5,10.7,5.5,1.1,4.4,1.1,1.4,2.2
E'Twaun Moore,CHI,26,43,19.6,5.7,0.7,0.7,1.5,6.7,0.3,0.6,1.3,0.7,4.4,1.5,42.9,1.3,18.8,26.4,2.7,0.6,0.1,3,1.4,1.9,1.8,0.3,0.2,0.3
Ed Davis,POR,26,56,21.2,4.2,2.7,0,0,6.5,0.7,0.6,1.1,0.8,14.6,5,47.7,3.6,26,32.6,2.3,0.3,0,2.7,0.3,0.1,0,2.6,2.4,0.6
Elfrid Payton,ORL,22,51,29.5,10.3,2.7,0.4,1.2,10.7,0.3,1.3,5.8,2.3,7.8,1.6,66.7,4.8,60.1,76.2,11.6,1.3,0.6,13.6,4.4,1.4,1.7,0.6,0.5,0.2
Elijah Millsap,UTA,28,20,8.6,2,0.9,0.1,0.6,1.8,0.2,0.4,1,0.5,3,1,50,1.2,8.2,11.4,1.4,0,0.1,2.5,0.7,0.2,0,0.1,0.2,0.1
Elliot Williams,MEM,26,5,9,2,0.8,0.2,0.8,1.6,0,0,0.8,0.2,1.2,0.2,100,0,17,20.6,1,0.4,0.2,1.4,0,0.4,0.6,0,0,0.4
Emmanuel Mudiay,DEN,19,43,30.1,12.5,3.3,0.8,2.9,11.5,0.6,1.1,5.7,3.5,7.1,2.8,50,4.2,51.1,71.3,10.1,1.1,0.7,13.1,3.3,1.6,3.8,0.2,0.3,0.3
Enes Kanter,OKC,23,56,20.7,8.5,3,0.1,0.2,11.8,0.4,0.2,0.5,1.3,14.7,5.1,51.9,6.1,31.8,43.4,1.1,0.1,0,1.2,0.3,1.4,0.3,3.5,4.2,0.3
Eric Bledsoe,PHX,26,31,34.2,15.9,5.5,1.5,4.2,20.4,0.6,2,6.1,3.5,8.3,2.5,47.4,5.1,61.1,86.8,12.8,1.4,0.5,14.7,6.2,2.2,7.1,0.5,0.4,0.2
Eric Gordon,NOP,27,41,33.4,12.2,2.8,2.5,6.6,14.9,0.3,1,2.7,1.6,4,1.4,59.3,3.2,27.9,44.7,5,0.3,0.3,6.2,3.2,5.5,3.1,0.3,0.2,0.6
Eric Moreland,SAC,24,5,4.9,0.6,0.4,0,0,0.8,0.8,0,0,0,3.3,1,25,0.6,4.8,5.5,0,0,0,0,0,0,0,0.5,0.5,0
Erick Green,UTA,24,9,4.7,1.4,0.2,0.1,0.6,1.4,0,0.1,0.3,0,1.1,0.3,0,0,8.9,10.7,0.8,0.1,0.1,1,0.2,0.3,0.7,0,0,0
Ersan Ilyasova,ORL,28,55,27.2,9.7,2.2,1.5,4.1,11.3,0.5,0.7,1,1.1,11.3,4.4,58.9,3,35.1,48,2.2,0.3,0.1,2.6,0.9,4.6,1.4,1.1,1.3,0.4
Evan Fournier,ORL,23,55,32,11.2,2.5,2,5,14.2,0,1.3,2.8,1.6,5.7,2,60.7,3.6,34,50,6,0.7,0.2,6.1,3.6,4.9,2.2,0.8,0.9,0.5
Evan Turner,BOS,27,58,27.1,8.8,2.2,0.2,1.1,10,0.3,0.9,4.4,2.1,8,2.8,56.8,2.8,41.1,55.3,8.6,0.9,0.4,10.2,3.4,0.9,3.1,0.5,0.6,0.3
Festus Ezeli,GSW,26,40,17.8,5.3,3.1,0,0,7.5,1.2,0.4,0.8,0.9,11.7,6.9,43.3,3.8,19.6,27.2,1.4,0.3,0,2,0.1,0.2,0.1,4.5,5,0.2
Frank Kaminsky,CHA,22,54,21.4,6.6,1.9,0.8,2.4,7.5,0.6,0.4,1.3,0.8,7.9,4.3,51.9,2.5,35.6,44.6,2.7,0.3,0.2,3.6,1.4,2.4,0.3,1.4,1.7,0
Garrett Temple,WAS,29,53,25.6,7,1.9,1.1,3.4,7.8,0.2,0.9,1.8,0.7,5.2,1.8,48.5,2.3,22,31.8,3.5,0.4,0.1,4.3,1,3.2,0.9,0.2,0.3,0.1
Gary Harris,DEN,21,51,31.3,9.4,1.5,1.2,3.5,11,0.2,1.3,1.8,1.4,5.7,1.7,57.3,3.8,18.5,31.4,3.5,0.4,0.3,4.3,2.1,3.8,1.3,1.1,1.2,0.3
Gary Neal,WAS,31,40,20.2,8.1,1.4,1,2.5,9.8,0,0.5,1.2,0.7,4,1.2,66,0.9,19.2,29.5,2.7,0.3,0.2,2.9,1.8,2.5,4,0.2,0.2,0.4
George Hill,IND,29,49,35.2,10.5,2.1,1.8,4.3,12.6,0.2,1.3,3.4,1.5,7.4,1.6,60,2.6,60.3,75.6,8.1,1,0.4,8.3,1.8,4.5,2.7,0.7,0.8,0.2
Gerald Green,MIA,30,50,25.9,9.4,1.6,1.3,4.2,9.9,0.4,0.6,1,0.9,4.7,1.9,53.7,1.6,17.1,29,2,0.2,0.2,2.3,1.9,4.2,2.2,0.1,0.1,0.4
Gerald Henderson,POR,28,48,18.3,6.8,1.9,0.6,1.9,7.7,0.3,0.4,1,0.8,4.4,0.8,35,1.4,13.3,22.8,1.8,0.3,0.1,2.4,0.9,2.2,2.1,0.3,0.5,0.3
Giannis Antetokounmpo,MIL,21,55,34.9,12.2,4.7,0.3,1.3,16.2,1.2,1.1,2.9,2.5,13.2,5,45.7,7.3,41,59.8,5.6,0.6,0.3,6.6,4.3,1.4,1,2.3,2.8,1.2
Glenn Robinson,IND,22,38,11.6,3.3,1,0.3,0.8,3.8,0.2,0.4,0.6,0.4,3.4,0.9,50,1.3,10.9,15.6,1.4,0.2,0.1,1.3,0.4,0.9,0.3,0.8,0.9,0.3
Goran Dragic,MIA,29,47,32.5,11,2.1,0.9,2.8,12.8,0.2,1,5.4,2.4,6.4,1.8,55.3,4.1,62,80,10.7,1,0.5,12.4,4,2.5,3,0.2,0.1,0.4
Gordon Hayward,UTA,25,56,36.2,14.9,6.3,1.8,5.1,20.1,0.3,1.2,3.6,2.6,8.2,1.6,55.7,3.8,44.4,67.3,8.1,0.6,0.5,9,5.3,4.7,4.6,0.4,0.6,0.7
Gorgui Dieng,MIN,26,57,26.1,6.6,2.9,0.1,0.2,9.5,1,1.1,1.6,1.9,13.7,6.9,52.7,3.2,27.4,38.3,2.8,0.3,0.3,3.7,0.2,1.6,0.6,3.7,3.7,1.1
Greg Monroe,MIL,25,55,30.5,12.8,4.2,0,0,16.5,0.9,1,2.3,1.7,17.2,7.8,49.9,8.9,30.8,48.8,4.1,0.7,0.4,5.4,0.7,0.8,0.1,5.2,6,1.7
Greivis Vasquez,MIL,29,16,22.6,7,1.6,0.9,3.4,7.1,0,0.4,4.4,1.9,3.9,1.1,52.9,1.7,44.3,55.9,8.6,1,0.6,10.4,2.1,1.8,2.1,0.1,0.1,0.6
Harrison Barnes,GSW,23,39,29.4,9.7,1.9,1.3,3.2,12.2,0.2,0.7,1.7,0.9,9,3.1,57.4,2.5,28.4,40.8,3.3,0.9,0.1,4.4,0.8,4.5,2.2,1.1,1.4,0.7
Hollis Thompson,PHI,24,54,26.9,7.8,1.1,1.7,4.5,8.9,0.3,0.4,1,1.1,6.1,2.1,48.7,1.5,21.2,31.5,2.4,0.3,0.2,2.6,1.3,5.5,0.7,0.5,0.5,0.1
Ian Clark,GSW,24,45,9.4,3.6,0.5,0.6,1.4,4.3,0.2,0.2,1,0.7,2.2,0.6,50,1,13.9,18.9,1.8,0.3,0,2.5,0.9,1.1,1.2,0.4,0.3,0.1
Ian Mahinmi,IND,29,47,24.7,5.8,3.2,0,0,8.8,1,0.9,1.4,1.3,13.1,6.6,49.7,4.3,31.3,40.4,3,0.5,0.2,3.5,0.4,0.5,0,3.5,3.7,1.2
Iman Shumpert,CLE,25,31,24.2,6.1,0.7,0.9,2.9,6.1,0.4,1,1.5,1.2,5.9,0.9,37,1.3,19.4,27.8,2.9,0.4,0.2,3.8,0.9,2.9,1,0.1,0.1,0.2
Isaiah Canaan,PHI,24,55,24.4,8.8,2.1,2.2,5.9,10.4,0.2,0.7,1.8,1.3,4,1.3,58.9,1.6,33.9,46.4,4,0.5,0.3,4.2,1.7,4.2,2.7,0.1,0.2,0.1
Isaiah Thomas,BOS,27,58,32.4,16.6,6.3,2,5.7,21.6,0.1,1.2,6.8,2.7,5.7,1.2,55.2,6,60.9,86.6,13.8,1.3,0.5,16.1,7.1,3.6,5.1,0.2,0.2,0.5
Ish Smith,PHI,27,51,26.6,11.9,2.2,0.4,1.5,11.7,0.2,1.2,6.5,2.1,6.9,2.5,54,5.1,57.1,75.5,12,0.8,0.5,15.5,4.7,0.5,3.6,0.3,0.3,0.1
J.J. O'Brien,UTA,23,2,3.1,0.5,0,0,0,0,0,0.5,0,0,0.5,0,0,0,1.5,2,0,0,0,0,0,0,0,0,0,0
J.R. Smith,CLE,30,51,30.8,11.4,1,2.7,6.6,12.6,0.3,1.1,1.5,0.8,4.8,1.3,50,1.2,23.1,37.3,2.8,0.6,0.1,3.8,1.1,7,3,0.3,0.3,0.6
JJ Hickson,DEN,27,20,15.3,5.5,3,0,0,6.9,0.6,0.5,0.8,0.8,7.9,4.4,48.3,3.5,20.9,29.1,1.7,0.6,0,1.8,0.3,0.4,0.4,2.7,2.7,1.1
JJ Redick,LAC,31,52,28.3,11.5,3.3,2.6,5.5,16.5,0,0.5,1.4,1.1,3.8,1.3,46.4,1.1,20.3,35,2.8,0.4,0.2,3.5,1.4,7.9,4.2,0.2,0.3,0.5
JaKarr Sampson,DEN,22,48,14.7,4.3,2,0.1,0.7,5,0.4,0.3,0.6,1.1,5.2,2,45.3,2.5,11.5,18.4,1.2,0.1,0,1.6,2,0.4,0.2,0.6,0.7,0.4
JaMychal Green,MEM,25,51,15,4.3,1.4,0.2,0.4,5.5,0.3,0.4,0.4,0.9,8,1.9,46.5,2.2,17.6,23.9,1.2,0.2,0.1,1,0.1,1.5,0.1,1.5,1.7,0.4
JaVale McGee,DAL,28,32,11.1,4.1,1.1,0,0,5.3,0.8,0.2,0.1,0.7,7.4,3,57.3,3.1,11.3,17,0.3,0.1,0,0.2,0.3,0.3,0.2,2.7,2.8,0.1
Jabari Parker,MIL,20,51,29.7,10.2,2.5,0,0.2,11.9,0.4,0.8,1.5,1.2,10.7,3.6,52.7,5.7,34.5,48.5,2.7,0.4,0.3,3.5,2.2,1.1,1.2,2.2,2.8,1.2
Jae Crowder,BOS,25,58,32.2,11,3.2,1.7,4.8,14.3,0.5,1.8,1.9,1.2,9.2,2.5,62.9,3.3,34.8,49.1,4,0.6,0.3,4.3,1.9,5.3,1.5,1.2,1.3,0.4
Jahlil Okafor,PHI,20,50,30.2,14.8,3.7,0,0.1,17.4,1.2,0.4,1.2,2.4,15.6,8.2,49.4,7.2,31.8,52.7,2.6,0.3,0.1,2.9,2.3,1,1.8,3.2,3.9,2.7
Jamal Crawford,LAC,35,56,26.5,11.5,3.4,1.3,4,13.6,0.1,0.6,2.2,1.5,3.3,1,69,1.8,24.3,40.3,4.5,0.6,0.2,5.2,3.1,2.8,5,0.1,0.1,0.9
Jameer Nelson,DEN,34,38,27.1,8.1,0.9,1.1,3.8,7.9,0.1,0.7,5,1.7,5.7,1.5,50,1.6,50.5,63.6,10.9,1.4,0.5,11.9,1.8,1.7,3.4,0,0,0.1
James Anderson,SAC,26,32,11.3,2.5,0.4,0.3,1.2,2.2,0.3,0.3,0.5,0.7,2.4,1,38.7,0.9,8.2,12,1.1,0.3,0.1,1.3,0.5,0.7,0.2,0.2,0.2,0
James Ennis,MEM,25,11,3.6,0.7,0.9,0.2,0.5,1.3,0.2,0.4,0.3,0.2,1.1,0.2,50,0.2,3,4.5,0.4,0,0,0.5,0.3,0.3,0.3,0.2,0.2,0
James Harden,HOU,26,57,37.4,19.2,10.4,2.8,7.9,28.3,0.6,1.6,7,4.5,10.9,3.3,53.7,5.8,51.1,83.8,13.7,1.3,0.5,17.1,7,3.6,8.1,0.4,0.5,1.1
James Johnson,TOR,29,43,15.6,4,1.2,0.3,1,5,0.6,0.5,1,0.9,4.7,1.4,40,2.4,12.3,18.1,1.8,0.2,0.2,2.4,1.8,0.9,0.3,0.4,0.4,0.1
James Jones,CLE,35,36,9.5,2.8,0.6,0.8,2.1,3.3,0.2,0.2,0.4,0.3,2,1.1,48.8,0.1,12.2,15.7,0.7,0.1,0,0.9,0.2,2.2,0.2,0.1,0.1,0
James Michael McAdoo,GSW,23,25,5.9,1.6,1.1,0,0,2.3,0.2,0.3,0.4,0.4,3,0.8,52.4,1.2,9.9,12.6,0.7,0.1,0,0.8,0.1,0.1,0.2,0.8,1,0.2
James Young,BOS,20,22,7.5,1.4,0.2,0.2,1,1.2,0,0.2,0.3,0.1,1.6,0.6,53.8,0.3,5.2,6.9,0.6,0,0,0.9,0.2,0.7,0.1,0,0,0
Jared Cunningham,ORL,24,40,8.9,2.3,1.2,0.3,0.8,2.6,0.1,0.3,0.5,0.5,1.6,0.6,68.2,1.2,8.9,12.8,1,0.2,0,1.1,0.4,0.8,0.1,0.2,0.2,0.2
Jared Dudley,WAS,30,54,28.9,6.8,1.4,1.5,3.4,9.2,0.2,1,2.2,1.1,8.9,4.9,52.1,0.9,42.4,51.9,4.3,0.6,0.3,5.3,0.5,6.1,0.8,0.4,0.4,0.5
Jared Sullinger,BOS,23,57,23.6,9.7,1.9,0.4,1.4,10.1,0.6,0.9,2.4,1.3,14.4,5.6,53.7,3.4,33.4,46.5,5.1,0.6,0.2,5.8,0.8,3.5,0.8,1.6,1.7,1.4
Jarell Eddie,WAS,24,18,5,2.2,0.2,0.7,1.8,2.3,0.1,0.1,0.1,0.1,1.4,0.5,33.3,0.1,4.6,7.3,0.3,0,0.1,0.3,0,1.7,0.3,0.1,0.1,0
Jarell Martin,MEM,21,2,4.6,2.5,0,0,0,1,0,0,0,0,1.7,0,0,0.5,4,6.5,0.5,0,0,0,0,1,0,0,0,0
Jarnell Stokes,MIA,22,7,2.7,0.7,0.3,0,0,1,0,0.1,0.1,0,1.6,1.4,30,0.4,2.7,3.9,0.4,0.1,0,0.4,0.3,0,0,0,0,0
Jarrett Jack,BKN,32,32,32.1,11.2,3.5,1,3.2,12.8,0.2,1.1,7.4,2.9,6.2,1.3,60.5,1.5,62.8,81.5,13.5,1.5,0.4,16.1,2.6,1.8,4.9,0.1,0.1,0.3
Jason Smith,ORL,29,49,14.9,5.7,0.6,0.1,0.3,6.4,0.8,0.4,0.7,0.8,5.9,3.7,49.4,1,17.9,24.6,1.3,0.1,0.1,1.5,0.4,4.3,0.3,0.4,0.4,1
Jason Terry,HOU,38,47,16.8,4.9,0.6,1.3,3.6,5.8,0.1,0.6,1.3,0.7,2,0.9,65,0.4,20.3,27,2.6,0.3,0.3,3.4,1,3.6,0.7,0,0,0
Jason Thompson,GSW,29,28,6.4,1.5,1.1,0,0,2.1,0.3,0.1,0.7,0.3,4,1.8,51,0.7,11.8,14.3,1.3,0.2,0,1.5,0.2,0.2,0.1,0.4,0.5,0.2
Jeff Ayres,LAC,28,5,2.9,0.4,0.4,0,0,1.2,0.6,0,0.4,0.2,1.8,1,60,0.4,4.2,5,0.6,0,0,1,0,0,0,0,0,0.4
Jeff Green,LAC,29,55,28.9,10.4,3,0.8,2.5,12.2,0.4,0.7,1.8,1.3,7.8,2.8,51.3,4.2,30.5,45.1,3.9,0.5,0.2,4.5,3,2.2,2,1.2,1.4,0.7
Jeff Teague,ATL,27,55,28.4,12.1,3.9,1.3,3.1,15.1,0.3,1.3,5.5,2.8,4.7,1,61.8,5.1,51.5,70.7,12.1,1.9,0.3,12.9,6.1,2.1,3.3,0.2,0.4,0.1
Jeff Withey,UTA,25,40,14.2,3.4,1.4,0,0.1,4.7,1.2,0.5,0.4,0.7,7.8,4.5,41,2.5,20,25.1,1.1,0.1,0,1.1,0.1,0.4,0,2,2.4,0.3
Jerami Grant,PHI,21,54,25.7,7,3.7,0.4,1.8,9.1,1.6,0.7,1.6,1.4,9.3,4.7,45.9,4.2,32.7,44.3,3.2,0.3,0.1,3.9,2.7,1.4,0.2,1.3,1.8,0.4
Jeremy Evans,DAL,28,30,8.4,1.6,0.7,0.1,0.5,2.4,0.3,0.2,0.1,0.2,3.6,1.4,45.2,1,6.1,8.4,0.4,0.1,0.1,0.2,0.1,0.5,0,0.9,0.9,0.1
Jeremy Lamb,CHA,23,45,20.7,9,1.4,1,3.2,10.4,0.4,0.7,1.4,0.8,7.2,1.6,50.7,2.7,19.6,30.9,3,0.4,0.2,3.5,2.3,2.9,2.2,0.9,0.8,0.4
Jeremy Lin,CHA,27,52,26.9,9.6,3.8,0.9,3,12,0.6,0.7,3.2,1.9,6.3,2.2,57,3.3,32.2,48.5,6.8,0.8,0.4,8,4.2,2.2,2.5,0.5,0.6,0.5
Jerian Grant,NYK,23,53,15.7,4.7,1.6,0.2,1.1,4.8,0.1,0.5,2.5,1.1,3.7,1.2,48.4,2,29.6,37.2,5.6,0.6,0.2,5.9,1.9,0.5,1,0.2,0.2,0.2
Jerryd Bayless,MIL,27,36,28,8.6,1.6,2,4.6,10.5,0.2,0.9,3.4,1.7,4.8,1.6,57.1,1.6,39.7,52.5,7.2,0.7,0.3,8,1.5,5.3,2.2,0.2,0.2,0.1
Jimmer Fredette,NYK,26,5,2.9,1,0,0.2,0.4,1,0,0.2,0.2,0.4,0.4,0.6,100,0.3,2.2,3.6,0.4,0.2,0,0,0,0.6,0,0,0,0
Jimmy Butler,CHI,26,48,37.9,16.3,7.7,1.1,3.3,22.4,0.6,1.7,4.3,2,10.7,3.8,49.5,5.6,43,67.2,9,0.9,0.3,9.8,5,2.8,5,2.6,3.1,0.9
Joakim Noah,CHI,30,29,21.9,4.6,1.6,0,0,4.3,1,0.6,3.8,1.8,16,4.3,52.4,3.8,44.9,54,7,0.7,0.1,8.8,0.4,0.2,0,1.4,1.1,0.4
Jodie Meeks,DET,28,2,8.5,2.5,0,0,0,1,0,0,0,0.5,2,0.5,0,1,3,6.5,0,0,0,0,1,0,0,0,0,0
Joe Harris,CLE,24,5,3,0.8,0,0.2,0.8,0.6,0,0,0.4,0.2,0.8,0.4,100,0,3.4,4.6,0.4,0.4,0,1,0,0.6,0,0,0,0
Joe Ingles,UTA,28,55,14,3.4,0.2,0.9,2.3,3.9,0.1,0.5,1,0.7,2.7,0.7,51.4,0.6,18.9,24,2.4,0.2,0.3,2.6,0.5,2.2,0.7,0,0,0.2
Joe Johnson,BKN,34,57,33.9,10.7,1.9,1.5,4,11.8,0,0.7,4.1,2,6.2,1.7,52.6,1,37.4,52.5,8.1,0.8,0.3,9.3,2.5,3.7,3.1,0.1,0.2,0.5
Joe Young,IND,23,31,9.4,3.9,0.7,0.3,1,4,0,0.4,1.5,0.8,2.2,0.8,57.7,0.9,15.6,22,2.7,0.1,0.2,3.1,1.1,0.6,1.5,0,0,0.1
Joel Anthony,DET,33,13,4,0.4,0.5,0,0,0.7,0.3,0.2,0.1,0.1,3.4,0.9,66.7,0.2,2.5,3.2,0.2,0,0,0.2,0,0,0,0.5,0.5,0
Joffrey Lauvergne,DEN,24,35,17.5,6.5,1,0.4,1.1,7.8,0.3,0.2,1,0.9,10,3.7,53.1,3.7,23.9,32.7,1.8,0.2,0,2.3,0.4,1.9,0.1,2.7,2.5,0.7
John Henson,MIL,25,42,16.7,4.8,2,0,0,6.8,2,0.3,1,1.1,8.9,5.6,40.5,3.4,15.8,23.4,2.1,0.4,0.1,2.2,0,0.1,0,4,4,0.5
John Jenkins,DAL,24,21,9.2,3.3,0.4,0.1,0.9,3.3,0,0.1,0.4,0.5,2.1,0.5,50,0.6,8.7,13.4,1.2,0.1,0,1.1,0.5,0.9,0.9,0.4,0.2,0.4
John Wall,WAS,25,55,35.9,17.4,4.4,1.5,4.4,19.8,0.8,2,9.8,4.1,7.2,2,63.1,5.4,72,99.4,19.3,1.9,1,23.7,4.2,3.1,6.6,0.2,0.2,0.2
Johnny O'Bryant,MIL,22,48,14,3.4,0.6,0,0,3.2,0.1,0.3,0.6,0.6,5.2,2.1,50,1.3,17.3,21.9,1.3,0.1,0.1,1.3,0.1,1,0.3,0.6,0.7,0.3
Jon Leuer,PHX,26,46,20.2,7.3,1.4,0.8,1.9,8.8,0.5,0.6,1.3,1.2,10.6,4.1,53.2,2.5,29,39,2.5,0.3,0.1,3.1,1.1,3.2,0.7,1.5,1.6,0.8
Jonas Jerebko,BOS,28,57,14.1,3.4,0.9,0.5,1.2,4,0.2,0.2,0.8,0.6,7,1.8,55.1,1.4,17.9,22.9,1.6,0.3,0.1,1.8,0.4,1.6,0.1,0.7,0.7,0.1
Jonas Valanciunas,TOR,23,38,26.5,8.9,3.8,0,0,12.8,1.2,0.4,0.8,1.6,17.5,7.7,54.7,6.2,32.6,45.4,1.3,0.4,0.1,2.1,0.1,1.1,0.1,4.9,5.8,0.4
Jonathon Simmons,SAS,26,42,14.5,4.3,1.6,0.4,0.9,6,0.1,0.4,1.1,1.1,3.5,0.7,74.2,2.3,15.2,22.1,2,0.3,0.1,2.9,2.2,1,0.4,0.5,0.5,0.3
Jordan Adams,MEM,21,2,7.3,3,2.5,0,0.5,3.5,0,1.5,1.5,1,1.5,0,0,1,6.5,11,1.5,0.5,0,3,1.5,0,1,0,0,0
Jordan Clarkson,LAL,23,56,32.3,13.5,2.8,1.2,3.1,15.5,0.1,1.1,2.6,1.8,8.2,2.1,61.3,4.4,41.5,60.6,5.1,0.6,0.4,6.4,4.5,2.6,4.3,0.9,1.1,0.3
Jordan Hill,IND,28,52,21.7,7.8,1.9,0,0,9.2,0.5,0.6,1.3,1.4,13.7,5.7,52.4,3.6,30.6,41.2,3,0.3,0.2,3.2,0.1,1.6,0.4,2.2,2.8,0.8
Jordan McRae,PHX,24,7,11.8,3.7,2.1,0.4,1.6,5.3,0,0.4,1.4,0.9,2.1,0.9,50,1.1,19,26.9,3.6,0.3,0,3.3,1,0.9,1.3,0.6,0.3,0.3
Jordan Mickey,BOS,21,6,2.2,1.3,0.5,0,0,1.8,0.5,0,0.2,0,1.5,0.8,40,1.2,3.5,5,0.3,0,0,0.5,0,0.3,0,0.3,0.3,0
Jose Calderon,NYK,34,54,27.5,6.1,0.6,1.1,2.8,7.3,0.1,0.9,4,1.2,5.1,1.6,55.3,0.7,57.6,67.9,9.3,1,0.4,9.6,0.7,3.1,2.7,0.2,0.2,0.1
Jose Juan Barea,DAL,31,51,22,8.8,1.4,1.3,3.4,9.7,0,0.4,3.9,1.5,3.6,0.6,53.1,2.4,41.2,54.6,7.7,0.6,0.5,9.1,3.3,1.9,3.2,0.1,0.2,0
Josh McRoberts,MIA,28,28,15.7,3.5,1.1,0.3,1.2,3.9,0.2,0.5,2,0.9,5.5,2.6,47.9,1.3,25.9,31.7,4.2,0.4,0.2,4.7,0.8,1.4,0,0.4,0.5,0.8
Josh Richardson,MIA,22,26,12.6,2.6,0.6,0.3,1.1,2.2,0.3,0.4,0.8,0.5,2.5,0.8,50,0.8,15.1,19,2.2,0.3,0,2.1,0.8,0.8,0.2,0,0,0
Josh Smith,HOU,30,45,15.5,6.4,1.3,0.7,2.4,6.1,1,0.6,1.5,1.4,7.6,3.9,43.1,2.5,20.7,30,3,0.4,0.2,3.4,0.8,1.9,0.4,0.8,0.8,0.4
Jrue Holiday,NOP,25,50,26.5,13.4,3.3,1.1,3.5,15.4,0.3,1.2,5.7,2.3,5.8,1.8,57.1,4.7,43.2,63.2,10.9,0.8,0.7,13.9,6.5,0.9,5.4,0.5,0.5,0.7
Julius Randle,LAL,21,57,27.5,10.4,3.3,0.1,0.4,11.2,0.4,0.6,1.6,1.8,17.9,4.3,56.8,5.9,38.1,53.4,3.6,0.3,0.1,4,2.8,0.9,0.7,1.6,1.6,1.3
Justin Anderson,DAL,22,35,8.4,2.5,0.6,0.3,1.3,2.7,0.3,0.3,0.3,0.4,2.7,0.7,37.5,0.7,9.8,13.5,0.7,0.1,0.1,0.7,0.6,0.8,0.6,0.1,0.1,0.1
Justin Holiday,CHI,26,26,10.1,2.8,0.4,0.4,1.7,2.4,0.2,0.5,0.4,0.5,2.1,0.7,47.1,0.8,8,11.8,0.8,0.2,0.1,1,0.2,1.2,0.3,0.2,0.3,0.1
Justise Winslow,MIA,19,53,28.1,5.6,1.4,0.4,1.8,6.2,0.3,0.8,1.3,1.3,10.3,2.9,54.5,2.7,29,37.9,3.1,0.5,0.2,3.2,0.9,1.5,0.3,1.4,1.4,0.3
Jusuf Nurkic,DEN,21,19,13.7,6.3,2.6,0,0.1,6.2,1,0.4,0.8,1.2,9.3,3.5,60.6,4.5,20.4,29.1,1.6,0.2,0.1,2,0.2,0.2,0,3.3,3.4,0.2
KJ McDaniels,HOU,23,18,4.1,1.6,0.6,0.1,0.4,1.6,0.3,0.2,0.1,0.3,1.6,0.4,42.9,0.9,3.1,5.4,0.2,0,0.1,0.2,0.4,0.3,0,0.3,0.3,0
Karl-Anthony Towns,MIN,20,57,30.5,13.3,3.1,0.4,1,17.3,1.8,0.6,1.6,2.1,19,9,47.5,5.5,31.4,49.1,3.3,0.6,0.3,3.8,1,4.2,1,3.3,3.8,2.5
Kawhi Leonard,SAS,24,51,32.4,14.4,4.2,1.8,3.7,20.2,0.9,1.8,2.5,1.5,10.7,2.3,43.1,3.6,31.8,51.6,4.5,1,0.1,5.7,3.2,5.3,5,1,1.2,0.8
Keith Appling,ORL,24,5,5.4,1.6,0.4,0,0.6,1.2,0,0.2,0.2,0.6,0.6,0,0,0.4,6.8,10,1,0.2,0,0.6,0.8,0,0,0,0,0
Kelly Olynyk,BOS,24,54,20.3,8.3,1.7,1.3,3.1,10.1,0.6,0.8,1.6,1.2,9.3,4.1,52.3,3.3,31.1,42.1,3.3,0.3,0.2,3.6,1.5,3.5,0.9,1.4,1.6,0.5
Kelly Oubre,WAS,20,47,11.3,3.3,0.8,0.4,1.3,3.7,0.1,0.3,0.2,0.5,4.2,1,60.4,1.5,8.4,13.1,0.5,0.2,0,0.6,1.1,1.3,0,0.4,0.4,0.1
Kemba Walker,CHA,25,54,35.9,16.7,5.3,2,5.4,20.7,0.6,1.8,5,2.3,8.4,2.5,53.3,4.8,68.6,93.6,11.5,1.4,0.4,12.4,5.4,3.7,6.6,0.4,0.3,0.2
Kendall Marshall,PHI,24,17,13,3.9,0.5,0.5,1.5,3.6,0,0.5,2.9,1.9,1.4,0.9,60,0.9,28.1,35.3,6.1,0.8,0.3,7.2,1.2,1.4,0.8,0,0,0
Kendrick Perkins,NOP,31,12,9.5,1.4,0.3,0,0,2.4,0.2,0.1,0.4,0.9,3.7,3.1,67.6,0.8,11.3,13.8,0.7,0,0,0.8,0,0,0.2,1.3,1.3,0.7
Kenneth Faried,DEN,26,50,25.9,9.2,3.4,0,0,12.2,1,0.4,1.2,1.3,15.9,5.6,57.3,7.3,28.9,41.9,2.4,0.4,0.1,2.9,0.5,0.4,0.2,4.8,4.9,0.9
Kent Bazemore,ATL,26,53,28.1,9.9,2,1.5,4.1,11.9,0.4,1.3,2.3,1.9,8.4,2.1,54.1,4.3,34.9,49.3,4.1,0.8,0.2,5.2,2.9,4.2,1.1,1.3,1.2,0.1
Kentavious Caldwell-Pope,DET,23,53,36.8,12.6,3,1.5,4.9,14.5,0.3,1.5,1.7,1.4,6.1,1.6,58.6,3.2,23.6,40.4,3.7,0.5,0.3,4.2,2.4,3.8,3.7,0.9,0.8,0.7
Kevin Durant,OKC,27,49,36,18.8,6.9,2.5,6.3,27.7,1.2,0.9,4.5,3.2,11.1,3,50,4.4,34.3,61.2,8.7,0.8,0.3,10.3,3.8,5.7,8.2,1.3,1.9,2.4
Kevin Garnett,MIN,39,38,14.6,3,0.6,0,0,3.2,0.3,0.7,1.6,0.4,6.7,2.9,50.9,0.6,26.4,30.5,2.7,0.3,0.1,3.7,0,1.4,0.5,0.7,0.8,0.2
Kevin Love,CLE,27,54,32.2,12.8,3.9,2.1,5.6,16.1,0.6,0.9,2.4,1.8,17.3,6.3,52,2.9,45.6,64.3,4.2,0.9,0.2,5.7,0.8,6.6,1.1,2,3,0.4
Kevin Martin,MIN,33,38,21.9,8.8,3.7,1,2.7,10.9,0,0.4,1.2,1.1,3.2,0.8,78.1,1.6,16,28.3,2.8,0.4,0.1,2.7,1.9,3,2,0.3,0.6,0.7
Kevin Seraphin,NYK,26,35,10.4,4.1,0.4,0,0,3.7,0.7,0.2,1.1,1,4.7,3,44.3,1.2,16.6,22.3,1.9,0.1,0.2,2.4,0.1,0.7,0.4,1,1.3,0.5
Kevon Looney,GSW,20,4,4.6,1.3,0,0.3,0.5,1.8,0,0,0,0,3.4,1.5,50,0.5,8.5,9.8,0.5,0,0.3,0.3,0,0.8,0.5,0,0,0.5
Khris Middleton,MIL,24,57,36.4,14.5,4.2,1.9,4.8,17.8,0.2,1.4,4.1,2.2,6.5,2,60.5,2.4,36.3,56.8,7,0.9,0.5,9,2.1,5.7,4.7,0.5,0.5,0.9
Kirk Hinrich,ATL,35,35,15.9,3.4,0.5,0.7,1.6,3.8,0,0.4,1.7,0.8,3,1.2,48.8,0.8,23,28.3,3.1,0.5,0.1,4,0.6,1.1,1.4,0,0,0
Klay Thompson,GSW,26,53,32.9,16.7,3.2,3.2,7.8,21.6,0.6,0.6,2.2,1.8,7.3,2.7,53.2,3.3,24.5,46.5,3.8,0.9,0.2,5.4,2.3,10.2,3.5,1.9,1.9,1.1
Kobe Bryant,LAL,37,48,29.2,16.8,4.3,1.9,7.1,17.1,0.2,0.9,3.3,2.1,6.7,1.2,66.1,1.9,25.8,48.1,5.7,0.5,0.4,7.7,2.1,4.1,5.9,0.3,0.4,0.5
Kosta Koufos,SAC,27,54,19.4,5.4,1.4,0,0,6.6,0.9,0.6,0.4,0.7,10.5,5.4,48.8,2.9,16.9,24,1,0.1,0.1,0.9,0.1,0.2,0.1,3.2,3.8,0.2
Kostas Papanikolaou,DEN,25,26,11.3,2.5,0.5,0.4,1.2,2.6,0.2,0.5,0.6,0.8,3.6,1.2,41.9,0.8,11.8,16.3,1.7,0.4,0,1.5,0.2,1.3,0.2,0.3,0.3,0
Kris Humphries,PHX,31,31,17.1,6,1.3,0.8,2.5,6.7,0.5,0.2,0.7,0.7,9,3.6,58,1.6,24.4,32.6,1.6,0.3,0,1.5,0.3,3.4,0.3,0.6,0.6,0.1
Kristaps Porzingis,NYK,20,57,28.1,12,3,1.1,3.3,13.9,1.9,0.8,1.2,1.7,13.3,7,47.1,3.2,40.5,57.4,2.5,0.4,0.2,3.1,0.9,5,1.4,1.9,2.2,1.3
Kyle Anderson,SAS,22,52,14,3.4,1.1,0.1,0.4,4.1,0.4,0.5,1.4,0.7,3.9,1.1,44.8,0.9,19.4,25,2.4,0.4,0.2,3.3,0.9,0.4,1.4,0.2,0.2,0.1
Kyle Korver,ATL,34,56,30.4,7.9,0.8,1.9,5,9.4,0.4,0.9,2.2,1.4,7.3,3.1,58,0.5,24.9,35,3.6,0.7,0.1,5,0.1,5.9,2.3,0.3,0.3,0.3
Kyle Lowry,TOR,29,55,36.8,15.5,5.8,2.7,7,21,0.5,2.1,6.4,2.9,9.9,2.5,68.1,4.7,66,91.2,11.6,1.1,0.6,15.2,5.4,5.4,4.8,0.1,0.1,0.2
Kyle O'Quinn,NYK,25,46,11,3.8,0.9,0,0.3,4.3,0.7,0.4,1.1,1,6.5,3.6,47,1.5,20.2,26.1,2.1,0.2,0.2,2.5,0.1,0.8,0.4,1.2,1.3,0.5
Kyle Singler,OKC,27,45,13,2.9,0.7,0.4,1.4,3.1,0.1,0.5,0.3,0.5,3.5,1.5,64.2,0.8,8.6,12.8,0.7,0.1,0.1,0.7,0.3,1.5,0.2,0.1,0,0
Kyrie Irving,CLE,23,29,29.4,15.9,3.3,1.3,4.2,18.8,0.2,1,4.3,1.9,5,1.6,48.9,4.7,48,69.9,8,1.4,0.3,10.6,6.5,1.7,7.2,0.3,0.2,0.4
LaMarcus Aldridge,SAS,30,52,29.8,13.6,3.8,0,0.3,16.9,1,0.3,1.4,1.3,13.3,5.8,50.3,4.8,36.7,54.5,2.9,0.6,0.1,3.6,0.4,3.7,1.9,4.4,5,1.5
Lamar Patterson,ATL,24,35,11.3,2.3,0.6,0.3,1.4,2.4,0.1,0.3,1.1,0.7,3.1,1.1,54.1,0.6,12.6,16.5,1.9,0.1,0.1,2.6,0.4,0.9,0.2,0.3,0.3,0
Lance Stephenson,MEM,25,44,16,4,0.8,0.4,1.1,5,0.1,0.6,1.4,1.1,4.4,0.9,59,1.6,12.2,18.4,2.6,0.2,0.2,3.3,1.4,1,1.1,0.3,0.3,0.1
Lance Thomas,NYK,27,53,21.6,6.5,2,0.7,1.8,8.4,0.1,0.4,0.8,1,4.6,1.2,50,1.9,23,32.3,2.2,0.2,0.1,1.9,1.3,2.6,1.3,1,1.3,0.5
Langston Galloway,NYK,24,58,25.1,7,1.3,1,2.7,7.9,0.2,0.8,2.3,0.6,6.1,1.5,51.2,2,37.1,47,4.9,0.7,0.4,5.6,1,3.1,1.2,0.2,0.5,0.2
Larry Nance Jr.,LAL,23,43,19.8,4.7,0.7,0,0.1,5.7,0.3,0.8,0.7,0.7,9.6,2.5,60.4,2.4,29.1,35.5,1.6,0.2,0.1,1.6,0.4,1.3,0.2,1.1,1.5,0.7
Lavoy Allen,IND,27,55,21.4,5.1,0.8,0,0,5.6,0.5,0.4,1,0.9,11.8,3.9,49.1,2.5,27.8,35.2,2.1,0.4,0.2,2.4,0.1,1.3,0.1,1.7,1.9,0.4
LeBron James,CLE,31,54,35.9,18.9,6.6,1,3.8,24.8,0.7,1.4,6.6,3.1,9.8,2.1,53.1,8.8,48.8,76.9,13.2,1.2,0.6,16.7,7.1,1.6,4.3,2.4,2.7,0.9
Leandro Barbosa,GSW,33,42,14.9,5.6,1,0.6,1.6,6.4,0.1,0.8,1.4,0.8,2.5,0.5,52.6,2.5,16.2,23.6,2.5,0.5,0.3,3.3,1.3,1.8,0.9,0.1,0.2,0.7
Lorenzo Brown,PHX,25,8,7.6,3.1,0.5,0.1,1,2.5,0.1,0.4,1.4,1.1,2.1,0.6,80,0.8,17.1,21.8,2.3,0.3,0,3.1,0.5,0.4,0.8,0,0.3,0
Lou Amundson,NYK,33,22,7.4,2,1,0,0,2.2,0.2,0.2,0.4,0.4,3.9,1.4,32.3,1.3,10,12.8,0.7,0,0.1,1,0.2,0.2,0,0.8,0.9,0.2
Lou Williams,LAL,29,55,29.8,10.7,6.4,1.6,4.7,15.4,0.3,1,2.6,1.7,4.6,1.6,62.1,2.3,27.1,44.1,5.4,0.4,0.2,5.9,2.7,2.7,4.3,0.2,0.2,0.3
Luc Mbah a Moute,LAC,29,54,16.4,2.7,0.8,0.2,0.6,2.9,0.3,0.5,0.4,0.5,4.4,1.5,50,1.9,10.9,14.7,0.8,0.2,0.1,0.9,0.3,0.8,0.1,0.7,0.8,0.1
Lucas Nogueira,TOR,23,19,7.2,1.6,0.5,0.1,0.1,2.5,0.3,0.5,0.2,0.3,3.4,2.7,43.1,1.4,6.7,8.7,0.5,0.2,0,0.4,0,0.2,0,1.8,1.8,0.1
Luis Montero,POR,22,7,3.3,1.9,0.3,0.1,0.7,1.9,0,0,0.1,0.3,0.3,0.1,100,0.6,3.7,6.1,0.1,0.1,0,0.3,0.6,0.3,0.7,0,0,0
Luis Scola,TOR,35,55,22.6,8.4,1.2,0.7,1.9,9.1,0.4,0.7,0.9,0.9,10.2,3.3,55.7,3,31.9,43.1,1.9,0.5,0.2,2.3,0.8,3,0.6,1.3,1.5,0.6
Luke Babbitt,NOP,26,25,13.1,3.4,0.5,0.8,2.2,3.7,0.1,0.1,0.4,0.2,3.7,1.6,59,0.6,14.2,18.7,1.1,0.2,0,1,0.8,2.3,0.2,0,0,0.2
Luol Deng,MIA,30,49,31.6,9.4,2.5,1.2,3.3,11.3,0.3,0.9,1.5,0.9,10.3,3.7,57.2,3.2,34.3,46.6,2.9,0.4,0.2,3.6,1.6,3.8,1,1.2,1.4,0.4
Manu Ginobili,SAS,38,43,19.7,7.9,2.1,1.2,3.1,10,0.2,1.1,3.3,1.7,5.4,1.1,57.1,2.8,28.6,41,5.7,0.9,0.4,7.7,2.7,3.1,1.7,0.6,0.5,0.3
Marc Gasol,MEM,31,52,34.4,13.6,4.7,0,0.1,16.6,1.3,1,3.8,2.3,12.4,7,45.7,3.1,47.8,68.2,8.2,0.7,0.5,9,0.2,4.7,1,3.4,5.3,3.2
Marcelo Huertas,LAL,32,30,11.4,2.8,0.2,0.3,1,2.7,0.1,0.5,2.4,1.1,2.3,0.5,64.3,0.7,19.5,24,4.5,0.3,0.3,5.8,0.8,0.6,0.8,0.2,0.2,0
Marcin Gortat,WAS,32,49,31.1,10.7,2.9,0,0,13.9,1.4,0.7,1.5,1.8,18,8.7,50,5.9,35.1,49.3,3,0.5,0,3.5,0.1,1.5,0.2,7.9,7.7,1.3
Marco Belinelli,SAC,29,53,26,9.8,2.3,1.4,4.7,10.9,0,0.6,1.9,1.3,3.4,1.2,62.9,0.8,22.1,35,3.6,0.6,0.2,4.8,0.3,6.1,1.7,0.5,0.6,1.7
Marcus Morris,DET,26,56,36.2,11.8,3.4,1,3.4,13.5,0.3,0.8,2.5,1.7,9.3,2.3,60.3,2.2,38.7,55.3,4.6,0.4,0.3,6,2,3.1,4.2,0.5,0.9,0.4
Marcus Smart,BOS,21,37,27.2,9.1,3,1.2,4.2,10,0.3,1.8,3.1,1.3,6.9,1.6,56.7,2.9,32.9,46.1,6.2,0.9,0.5,7.4,2,2.4,2.1,0.8,0.9,0.2
Marcus Thornton,HOU,28,47,18.8,9.3,1.2,1.6,4.6,10,0.1,0.7,1.4,0.9,4.7,1,64.4,2.3,16.6,28.1,2.6,0.3,0.3,3.5,1.1,3.9,2.4,0.3,0.3,0.7
Mario Chalmers,MEM,29,52,22.1,7.1,4,0.8,2.4,10,0.2,1.3,3.7,1.8,4.1,0.9,69.4,2.7,40.5,54,7,0.8,0.3,8.6,3.6,1.9,1.5,0.3,0.2,0.1
Mario Hezonja,ORL,20,52,15,4.4,0.7,0.7,2.1,5.2,0.2,0.3,1.1,1.1,3.7,1.3,67.2,1.1,14.6,21,2.4,0.3,0.1,2.4,0.5,2,0.9,0,0,0.3
Markel Brown,BKN,24,38,11.9,3.4,1.2,0.5,1.6,3.8,0.1,0.4,1,0.6,2.9,1,52.6,0.9,11.8,17.2,2.1,0.3,0.1,2.2,0.6,1.4,0.7,0.1,0.1,0.3
Markieff Morris,WAS,26,40,24.5,11.4,2.4,0.6,2.1,11.2,0.5,0.9,2.3,2.3,9.1,2.8,54,3.7,31.7,46.8,4.4,0.3,0.3,5.5,1.2,2.7,2.1,1.2,1.9,1.4
Marreese Speights,GSW,28,46,11,6.2,1.6,0.2,0.5,6.2,0.3,0.2,0.7,1,6.2,3.1,51.8,2.1,15.7,24.1,1.4,0.2,0.1,1.7,0.4,2.3,0.4,0.8,1,0.8
Marvin Williams,CHA,29,55,29.1,8.6,1.6,1.7,4.4,10.6,1,0.6,1.4,0.7,11.3,4.7,44.8,1.9,45.6,56.1,2.9,0.4,0.2,3.5,0.8,5.7,0.5,0.7,0.9,0.5
Mason Plumlee,POR,25,57,25.5,6.5,3.8,0,0,9,1,0.8,2.7,1.9,16.7,7.8,53.7,4.8,31.5,43.3,5.6,0.4,0.2,6.7,0.6,0.2,0.4,2.7,2.7,1.1
Matt Barnes,MEM,35,51,26.5,7.7,1.4,1.4,4.3,8.7,0.8,1.1,1.8,1.3,9.2,2.1,55.1,2.4,33.9,44.7,3.3,0.4,0.1,3.8,0.5,4.3,0.4,0.8,0.8,0.3
Matt Bonner,SAS,35,20,5.7,1.6,0.2,0.5,0.9,2.3,0,0.3,0.3,0.1,1.9,1,36.8,0.2,7.6,9.7,0.7,0.1,0,0.8,0.3,1.7,0.2,0,0,0.4
Matthew Dellavedova,CLE,25,49,26.3,7,0.9,1.3,3.1,8,0.1,0.7,4.8,1.6,4.6,1.6,50,0.8,47.6,58.8,8.3,1.2,0.6,11.3,1.3,3.3,2.3,0.2,0.2,0
Maurice Harkless,POR,22,55,17.5,4.6,1.3,0.5,1.6,5.6,0.4,0.6,0.9,0.8,5.8,1.9,43.9,2.7,16.3,22.9,1.9,0.3,0,2.1,1,1.4,0.1,0.7,1,0.1
Metta World Peace,LAL,36,20,17.4,5.2,1.3,0.9,2.6,4.8,0.5,0.6,0.9,0.4,5.4,1.5,60,1.5,14.6,21.5,1.7,0.2,0.1,2,0.8,2.4,0.8,0.4,0.4,0.1
Meyers Leonard,POR,23,50,22.2,7.3,0.7,1.3,3.8,8.4,0.3,0.1,1.5,1.3,8.4,4,54,0.9,30.2,40,3.2,0.3,0.1,3.7,0.2,5.3,1,0.7,0.8,0.6
Michael Carter-Williams,MIL,24,52,30.6,10.2,3,0.3,1,11.6,0.7,1.5,5.3,2.8,10.1,2.5,54.5,4.6,56,73.4,10,1.4,0.5,12.1,4.9,0.9,2,1.4,1.3,0.3
Michael Kidd-Gilchrist,CHA,22,7,29.2,8.7,4.1,0.4,1,12.7,0.4,0.4,1.3,1.1,12.1,5,71.4,5.3,22,34.3,3.6,0.4,0,3.4,3,1.9,0.6,0.6,0.9,0.6
Mike Conley,MEM,28,49,31.7,12.4,4,1.4,3.9,14.9,0.3,1.2,6.1,1.5,5.5,2,59.8,3.5,62.9,81.7,10.9,1.5,0.5,13.6,4.5,2.6,4.5,0.6,0.5,0.5
Mike Dunleavy,CHI,35,6,17.7,5.7,1.5,1.2,2.2,7,0.2,0.2,1,0.7,4.8,0.8,80,1.8,17.8,25,2,0.3,0,2.5,0.7,3.5,0.3,0.3,1,0
Mike Miller,DEN,36,39,8.2,1.2,0,0.4,1,1.2,0.1,0.3,0.9,0.4,2.3,0.9,52.8,0.1,11.7,13.8,1.6,0.2,0.1,2.1,0.1,0.8,0.3,0,0,0.1
Mike Muscala,ATL,24,43,10.8,2.7,0.7,0.2,0.8,3.6,0.4,0.2,0.6,0.6,5.2,3.9,56,1.1,16.9,20.6,1.4,0.2,0.1,1.5,0.2,1.3,0,0.9,1,0.2
Mike Scott,ATL,27,52,14.9,5.2,0.8,0.8,2.1,6.5,0.2,0.3,1,0.6,5.8,1.6,53.7,1.7,18.1,24.8,1.6,0.2,0.1,2.3,0.4,3,0.2,1.2,1.4,0.3
Miles Plumlee,MIL,27,36,10.4,2.5,0.5,0,0,3.5,0.8,0.3,0.2,0.5,6.1,3.3,50,2.1,11,14.9,0.9,0.2,0,0.5,0,0.1,0.1,2.4,2.5,0
Mirza Teletovic,PHX,30,55,18.8,8.2,1.6,2.1,5.2,10.4,0.3,0.3,1,0.9,6.8,3.7,53.7,1.3,25.2,36,2.1,0.3,0.1,2.6,1,6.2,0.7,0.7,0.8,0.4
Mitch McGary,OKC,23,16,3.9,1.1,0.6,0,0.2,1.3,0.1,0.1,0.2,0.4,2.2,1.1,58.8,0.7,5.3,7.4,0.5,0.1,0,0.4,0,0,0.1,0.4,0.3,0.2
Mo Williams,CLE,33,34,20.2,8.1,1.2,0.9,2.6,9.1,0.1,0.3,2.7,1.6,3.2,0.9,58.6,0.7,35.6,48,5.1,0.6,0.4,6.2,0.7,2.3,4.5,0.1,0.1,0.1
Monta Ellis,IND,30,56,34,12.9,2.4,1.1,3.5,14.1,0.5,1.8,4.8,2.7,5.7,1.4,50,3.4,47.1,66,10,1.2,0.6,11.5,3.6,2.4,4.6,0.4,0.4,0.3
Montrezl Harrell,HOU,22,29,10,2.2,1.4,0,0,3.6,0.2,0.3,0.3,0.4,3.8,1.4,48.8,1.6,8.7,12.1,0.6,0.1,0,0.9,0,0.1,0,0.9,1.4,0.3
Myles Turner,IND,19,34,21.3,8.2,2.2,0,0.1,10.4,1.6,0.3,0.5,0.9,10.7,8,51.1,2.9,22.3,33.6,1,0.3,0.1,1.4,0.2,2.8,0.9,3.4,4.4,0.6
Nate Robinson,NOP,31,2,11.6,0.5,0,0,0.5,0,0,0.5,2,0,1,1.5,66.7,0,22,23.5,5,0,0.5,4.5,0,0,0,0,0,0
Nemanja Bjelica,MIN,27,46,17.9,3.7,0.8,0.7,2.1,4.5,0.3,0.4,1.3,0.7,7,3.6,58.2,1.2,31.5,37,2.5,0.3,0.1,3.1,0.5,1.8,0.5,0.6,0.6,0
Nene,WAS,33,32,18.7,6.5,2.8,0,0,8.7,0.4,0.9,1.5,1.2,8.6,4.7,47.7,3.7,22.2,32.2,2.8,0.2,0.3,3.4,0.7,0.8,0.3,2.7,3.3,1
Nerlens Noel,PHI,21,49,29.3,8.4,3.3,0,0,11,1.6,1.7,1.7,2.4,15.5,7.6,47.7,5.4,40.2,53.8,3.4,0.3,0.1,3.9,1,0.7,0.3,4.1,4.4,0.7
Nick Collison,OKC,35,46,12.1,1.9,0.6,0,0,2.2,0.3,0.3,0.7,0.7,6,1.9,42.7,1.3,12.2,15.9,1.7,0.1,0.1,1.6,0.3,0.3,0.1,0.5,0.6,0.3
Nick Young,LAL,30,47,18.9,7,1.3,1.5,4.4,7.4,0.1,0.4,0.6,0.6,3.4,1.5,58.6,0.3,12,20.7,1.2,0.2,0.1,1.4,0.3,2.9,3.1,0.1,0.1,0.2
Nicolas Batum,CHA,27,46,35.4,12.3,3,2.1,5.9,14.8,0.6,0.9,5.5,3.2,9.8,3,52.2,2,49.6,68.8,10.7,1,0.6,13.5,1,5.1,4.3,0.5,0.4,0.8
Nik Stauskas,PHI,22,50,24,6.9,1.2,1.5,4.3,7.6,0.3,0.6,1.8,1.2,4,2,45.5,1.7,26.4,36,3.9,0.3,0.3,4.1,1.5,3.4,1.5,0.1,0.2,0.1
Nikola Jokic,DEN,21,55,19.9,7.1,2.3,0.3,0.8,9.6,0.5,1,1.9,1.3,12.8,5.4,50,4.2,29.1,39.5,3.6,0.3,0.1,4.5,0.2,1.4,0.2,3.3,3.4,0.7
Nikola Mirotic,CHI,25,44,24,8.8,2.7,1.7,4.8,10.6,0.7,0.9,1.4,1.5,9.7,3.9,48,2.3,31.1,43.4,2.5,0.5,0,3.3,0.7,5.1,0.6,1.2,1.6,0.1
Nikola Pekovic,MIN,30,12,13,4.2,1.7,0,0,4.5,0,0.1,0.9,0.8,5.4,3.3,65,2.2,7.1,12.8,1.5,0.2,0.1,2.2,0,0,0.2,2.8,2.9,0.3
Nikola Vucevic,ORL,25,52,32.2,15.9,2.1,0,0.1,17.5,1.1,0.8,2.9,1.9,15.5,7.7,51.4,4.8,41.1,61,6.4,0.4,0.3,7.4,1.8,4.6,1.4,3.5,4.8,1.5
Noah Vonleh,POR,20,53,16.1,3.6,0.6,0.1,0.5,3.7,0.3,0.4,0.5,0.6,8.8,2.5,44.4,2,18.8,23.5,1.2,0.1,0.1,1.2,0.4,0.8,0.1,0.5,0.7,0.1
Norman Powell,TOR,22,25,6.3,2.1,0.2,0,0.5,1.3,0,0.4,0.3,0.3,1.9,0.7,52.9,1,5.2,8.3,0.6,0.1,0,0.8,0.4,0.1,0.4,0,0,0
Norris Cole,NOP,27,39,25.7,10.4,1.3,0.7,2.2,9.9,0.1,0.7,3.3,1.6,5.2,0.9,63.9,2.5,39.5,54.2,6.8,0.5,0.3,7.3,2.4,2.2,4.1,0.1,0.1,0.2
O.J. Mayo,MIL,28,34,26.9,8.6,1.2,1.3,4.1,8.6,0.2,1.2,3.2,1.6,5.4,1.6,60,1.6,32.5,44.5,5.1,0.6,0.4,7.2,0.8,3.8,2.1,0.1,0.2,0.3
Omer Asik,NOP,29,48,17.3,2.6,1.5,0,0,3.8,0.4,0.3,0.3,0.9,11.3,4.7,50,2.5,22.8,27.5,0.8,0.1,0,0.8,0,0,0,2,1.9,0.3
Omri Casspi,SAC,27,49,29.2,9.2,2.1,1.9,4.4,12.2,0.2,0.8,1.4,1.4,11.6,3.2,60,3.4,38.3,51.1,2.8,0.6,0.1,3.2,2.3,4.1,1.5,1.2,1.4,0.3
Orlando Johnson,PHX,26,2,23.7,8.5,3,0.5,2.5,8,1.5,1,0,0.5,9,2,50,4.5,21,33,4,1,0,0,0,1.5,0,1.5,1.5,0
Otto Porter,WAS,22,48,31,10,1.9,1.2,3.7,11.9,0.4,1.6,1.8,1,10.4,2.5,53.4,2.7,28.1,41,3.2,0.5,0.2,4.1,1.2,5.3,1.4,1,1.1,0.4
PJ Hairston,MEM,23,50,19.2,5.7,0.8,1.1,3.5,5.8,0.1,0.5,0.6,0.5,4.1,1.5,47.9,1.2,12.4,19.3,1.3,0.2,0.1,1.5,1,3.1,0.6,0.1,0.1,0.1
PJ Tucker,PHX,30,57,30,6.4,1.4,0.8,2.4,6.9,0.3,1.3,1.9,1.3,10.8,2.3,50,2.6,29.8,39.3,3.7,0.5,0.2,4.4,0.6,2.7,0.3,0.6,0.9,0.1
Pablo Prigioni,LAC,38,35,13.7,2.1,0.1,0.4,1.3,2.2,0,1,2.1,0.9,4,0.9,70,0.5,25.6,30,4.3,0.7,0.1,5,0.4,0.7,0.8,0,0,0
Pat Connaughton,POR,23,22,2.9,1,0.1,0.1,0.5,0.5,0,0.1,0.1,0.3,1,0,0,0.4,2.7,4.3,0.2,0,0,0.3,0,0.2,0.1,0.1,0.1,0
Patrick Beverley,HOU,27,46,26.9,7.9,1.3,1.7,4.1,9.2,0.3,1.2,2.8,1.2,5.9,1.5,60.6,2.1,40.5,52,5.6,0.9,0.3,6.8,2.1,3.8,2.1,0.2,0.2,0.1
Patrick Patterson,TOR,26,55,24.6,6,0.3,1.4,3.9,6.4,0.3,0.7,1.1,0.8,7.4,3.1,50,0.8,33.9,41.5,2.1,0.5,0.1,2.8,0.8,4,0.8,0.2,0.3,0
Patty Mills,SAS,27,56,20.5,7.6,0.6,1.6,3.9,8.7,0.1,0.8,2.7,0.9,3.1,0.8,73.3,1.2,37.3,47.5,4.3,0.9,0.1,6,0.5,4,2.8,0.4,0.5,0.1
Pau Gasol,CHI,35,52,32,14.2,4,0.3,0.8,17.1,2,0.6,3.5,2,19.2,10.6,45,4.3,52.8,73.1,6.7,0.7,0.5,8.3,1.4,6.3,0.9,2.5,2.6,2.5
Paul George,IND,25,56,35.5,18,6.8,2.8,7.2,23.4,0.3,1.8,4.1,3.6,13,3,51.2,3.5,40.7,68.5,7.6,0.8,0.4,9.3,3.1,5.9,6.9,1.3,1.1,1
Paul Millsap,ATL,31,57,32.6,13.2,5.5,0.9,2.8,17.7,1.4,1.8,3.3,2.4,17.8,8,50.4,5.8,46.1,66.2,6.6,0.8,0.2,7.9,2.9,3.8,0.9,3.5,3.8,1.5
Paul Pierce,LAC,38,51,17.8,5.7,0.9,1.1,3.6,5.8,0.2,0.4,1.1,0.8,5.2,2.4,49.2,0.5,18.9,26.9,1.8,0.2,0.1,2.4,0.5,3.5,1,0.1,0.1,0.2
Phil Pressey,PHX,25,16,14.2,4.3,1.4,0.3,1.1,4.1,0.3,0.8,3.9,1.6,2.3,0.8,75,2.1,28.5,36,7.1,0.8,0.4,9.6,2.3,0.4,0.8,0,0,0
Quincy Acy,SAC,25,32,11.3,2.4,0.8,0.2,0.4,3.4,0.4,0.3,0.3,0.3,6.3,2.4,47.9,1.7,9.5,12.9,0.7,0.2,0.1,0.7,0.1,0.7,0,0.9,1.1,0.1
RJ Hunter,BOS,22,26,9.7,3,0.2,0.5,2,2.6,0.2,0.5,0.4,0.3,1.9,0.4,80,0.4,7.4,10.8,1.2,0.2,0.1,0.9,0.3,1.6,0.4,0,0.1,0.1
Rajon Rondo,SAC,30,53,35.1,10.9,2.2,0.8,2.2,12,0.2,2,11.9,3.9,11.5,1.3,56.5,4.9,75,96,21.9,1.5,1.4,27.7,4.4,2.1,1.9,0.5,0.6,0.3
Ramon Sessions,WAS,29,55,20.5,7,3.9,0.4,1.4,9.9,0.1,0.7,2.7,1.3,3.8,1,64.3,3.6,30.9,42.8,5.6,0.3,0.3,6.3,3.8,1.3,1.1,0.3,0.3,0.3
Randy Foye,OKC,32,55,19.7,6.1,0.9,0.9,3.1,5.9,0.3,0.5,2.1,1.1,3.6,1.2,51.5,1.5,24.5,33.2,4.5,0.7,0.3,4.9,1.5,1.9,1.8,0,0.1,0.1
Rashad Vaughn,MIL,19,49,12.1,3.1,0.2,0.5,1.7,2.6,0.2,0.3,0.5,0.4,2.2,0.6,64.5,0.6,6.7,10.5,0.7,0.2,0,1,0.2,1.6,0.4,0,0,0.1
Rasual Butler,SAS,36,39,9.9,2.5,0.4,0.4,1.2,3.1,0.5,0.3,0.6,0.2,2.6,1.1,41.5,0.6,10.6,13.7,1,0.3,0.1,1.4,0.4,1.5,0.3,0.1,0.1,0.1
Raul Neto,UTA,23,55,20.2,5.6,0.7,0.8,2.1,6.1,0,0.8,2.5,1.4,2.5,1.2,53.7,1.7,36.2,45.3,4.5,0.5,0.3,5.7,1.7,2,1.4,0.1,0.2,0.2
Ray McCallum,SAS,24,28,9,2.3,0.4,0.2,0.5,2.4,0.1,0.2,1.1,0.4,1.6,0.5,61.5,0.9,16.7,20,2.1,0.5,0,2.5,0.4,0.6,0.5,0.4,0.3,0.2
Raymond Felton,DAL,31,56,27.1,8.3,2.1,0.9,2.7,9.5,0.1,0.9,3.4,1.4,6,1.4,54.3,2.3,42.1,54.8,7.4,0.7,0.4,8.5,3.6,2,2.3,0.3,0.3,0.3
Reggie Bullock,DET,24,19,4.8,1,0.2,0.1,0.5,0.3,0,0.1,0.2,0.1,1.6,0.3,80,0.4,3.8,5,0.6,0.1,0,0.4,0.1,0.2,0,0,0,0
Reggie Jackson,DET,25,56,31,16.2,4.1,1.6,4.1,19.4,0.1,0.8,6.1,2.7,6.8,2.6,63.7,5.5,52,77.2,11.7,1.3,0.5,14.4,7.7,1.6,6.5,0.2,0.2,0
Richard Jefferson,CLE,35,51,18.5,4.3,1.2,1,2.4,5.7,0.2,0.5,0.8,0.6,3.3,1.1,56.1,1.1,15.3,22,1.7,0.4,0.2,2.1,0.9,2.5,0.7,0.5,0.5,0.3
Richaun Holmes,PHI,22,40,13.7,4.4,1.4,0.2,0.9,5.9,0.8,0.3,0.7,0.6,6.2,3.3,43.6,2.8,14.8,20.9,1,0,0,1.6,0.2,0.6,0.1,2,2.4,0.9
Ricky Rubio,MIN,25,51,30.5,7.7,4.4,0.6,2.2,9.7,0.1,2.2,8.8,2.3,7.2,1.9,57.1,1.8,63.1,79.9,16,1.3,0.9,19,2.3,2,2.2,0,0,0.2
Robert Covington,PHI,25,47,26.9,9.7,2.3,2.2,6.3,11.5,0.6,1.6,1.4,2.3,11,3.5,54.3,2.3,34,48.7,2.7,0.3,0.1,3.1,1.8,6.2,0.4,0.5,0.6,0.2
Robert Sacre,LAL,26,18,12.8,2.7,1.2,0,0,2.8,0.6,0.1,0.6,0.5,6.4,3.4,56.5,1.2,11.6,15.6,1.2,0.2,0.1,1.5,0,0.7,0.1,0.8,0.9,0.2
Robin Lopez,NYK,27,58,25.8,7.7,1.8,0,0,9.8,1.4,0.2,1.3,1.6,13.5,7.6,45.6,4.9,32.1,42.8,3,0.3,0,3,0.2,0.5,0.2,3.5,4,0.4
Rodney Hood,UTA,23,54,31.6,12.2,2.9,2,5.4,15,0.2,0.9,2.7,1.6,5.3,1.9,56.3,2,37.4,54.4,5.3,0.8,0.3,6.4,3.7,4.2,4.6,0.1,0.2,0.4
Rodney Stuckey,IND,29,33,25,8.8,2.8,0.3,1.5,9.8,0.2,0.8,2.6,1.5,5.5,1.5,54.2,3,28.3,41.2,6.2,0.5,0.4,6.6,2.4,0.9,2.6,0.3,0.2,0.1
Rondae Hollis-Jefferson,BKN,21,19,22,4.3,1.6,0.1,0.3,5.2,0.4,1.4,1.4,1.1,10.1,3.4,49.2,2.7,21.7,28.8,3.1,0.3,0.1,3.2,1.1,1.1,0.2,0.5,0.4,0.2
Ronnie Price,PHX,32,37,15.5,3.9,0.5,0.9,2.5,4.5,0.2,1.1,1.8,0.8,2.1,0.4,53.3,0.7,26.7,32.7,4.2,0.5,0.2,4.4,0.5,1.9,1.1,0,0,0
Roy Hibbert,LAL,29,57,24.2,5.4,1.9,0,0,6.4,1.5,0.3,1.4,1.1,11.8,6.9,48.8,2.4,24.6,32.7,2.9,0.1,0.1,3.2,0.1,1.4,0.4,2.1,2.4,0.6
Rudy Gay,SAC,29,48,33.8,14.8,3.5,1.1,3.2,18,0.8,1.3,1.8,1.9,11.8,3.5,57.9,5.1,32.9,52.7,3.8,0.7,0.2,4.4,2.5,3.6,3.7,1.8,2,1
Rudy Gobert,UTA,23,36,33,6.3,4.8,0,0,10.2,2.5,0.9,1.7,1.9,19.4,8.9,39.9,5.8,51.9,63.4,3.9,0.5,0.1,3.8,0.3,0.2,0,4.7,4.8,0.4
Russ Smith,MEM,24,15,4.4,1.5,0.9,0.1,0.3,1.5,0.1,0.3,0.7,0.5,1.1,0.1,100,0.8,7.3,10.1,1.7,0.2,0,1.7,0.6,0.2,0.1,0,0,0
Russell Westbrook,OKC,27,56,34.3,18.5,7.1,1.2,4,24,0.3,2.3,10.2,4.1,12.2,2.1,61.2,7.9,57.4,88.1,17.6,1.4,1.2,23,7.4,1.1,7,0.3,0.5,0.2
Ryan Anderson,NOP,27,54,30.7,13.6,3.2,2.1,5.4,16.6,0.4,0.6,1.1,1.4,11.4,4.5,55.2,3.6,28.7,46.7,1.8,0.6,0,2.6,1.2,5.4,3.8,1,1.6,1.1
Ryan Hollins,MEM,31,19,10.8,1.9,0.8,0,0,2.8,0.5,0.1,0.4,0.5,6,2.6,40.8,1.5,8.5,11.5,0.6,0.1,0,0.8,0,0.1,0,1.9,1.8,0.3
Ryan Kelly,LAL,24,20,12.9,4.6,2.1,0.3,1.5,5.3,0.4,0.4,0.8,0.6,5.8,2.2,56.8,1.5,17.2,23.7,1.5,0.1,0.1,1.6,0.6,1.6,0.3,0.8,0.8,0.2
Salah Mejri,DAL,29,16,10.6,2.1,1.2,0,0,3.6,0.6,0.2,0.1,0.6,6,3,47.9,2.1,12.1,15.9,0.6,0.1,0.1,0.4,0.4,0,0,2.1,1.8,0.5
Sam Dekker,HOU,21,3,2,0,0,0,0,0,0,0.3,0,0,0.3,0,0,0,2.7,2.7,0.7,0,0,0,0,0,0,0,0,0
Sasha Kaun,CLE,30,13,3.7,0.4,0.5,0,0,0.7,0.2,0.2,0.2,0.5,1.9,0.9,41.7,0.4,3.7,4.8,0.5,0.1,0.2,0.4,0,0,0,0.2,0.2,0
Sasha Vujacic,NYK,31,40,12.5,4,0.6,0.6,1.9,3.6,0.1,0.5,1.2,0.7,3.4,1,66.7,0.6,19.6,25.1,2.9,0.4,0.2,3,0.4,2.1,0.4,0,0.1,0
Sean Kilpatrick,DEN,26,8,10.3,2.6,1,0.5,2.1,3.4,0,0.3,0.4,0.5,2.4,0.5,75,0.4,3.8,8,0.4,0,0,0.9,0.9,1.5,0,0,0,0
Serge Ibaka,OKC,26,56,32.5,11.2,1.5,0.7,2.1,12.7,2.1,0.4,0.9,1.5,13.6,7.8,42.8,2.9,24.7,38.5,1.7,0.3,0.1,2.4,0.2,6.6,0.5,2.7,2.6,1.7
Sergey Karasev,BKN,22,24,6,1,0.3,0.1,0.5,1.1,0,0,0.3,0.3,2.1,0.7,52.9,0.2,5.3,6.7,0.6,0,0,0.8,0,0.3,0.4,0.1,0.1,0
Seth Curry,SAC,25,26,9.8,2.5,1,0.5,1.2,3.5,0,0.4,0.7,0.5,1.8,0.5,33.3,0.4,8.2,12.1,1.4,0.2,0,1.8,0.6,1.4,0.7,0.2,0.2,0
Shabazz Muhammad,MIN,23,57,20.5,7.9,2.7,0.6,1.8,10,0.1,0.3,0.5,0.8,5.9,1.4,53.8,3.4,10.5,21,1,0.1,0.1,1.2,1.4,2.1,0.5,1.6,2,0.5
Shabazz Napier,ORL,24,44,12.1,4,0.9,0.6,1.9,4,0,0.5,2,1,2.3,0.5,61.9,0.7,21.6,27.9,4.2,0.5,0.1,4.8,0.7,1.3,1.5,0,0,0
Shane Larkin,BKN,23,53,20.5,6,1.1,0.5,1.5,6.6,0.2,1.2,3.8,1.7,4.3,1.5,56.4,1.9,39.4,49.6,8.4,0.6,0.4,8.6,2,0.7,2.5,0.2,0.1,0.2
Shaun Livingston,GSW,30,52,19.1,4.9,1,0,0.2,6.2,0.3,0.6,2.8,1,3.9,1.5,64.1,1.4,32.7,40.3,5.2,0.9,0.3,6.5,0.8,0.3,2.3,1.3,1.5,0.4
Shayne Whittington,IND,24,4,2.4,0.8,0,0,0,1,0.3,0.3,0.5,0.5,1.3,1.3,40,0.8,4.5,5.5,0.8,0.3,0,1,0,0,0,0.5,0.5,0
Shelvin Mack,UTA,25,26,9.1,4.5,0.8,0.2,1.3,4.8,0,0.3,1.8,0.8,2.6,0.4,72.7,1.4,18.7,25.2,3.3,0.2,0.1,4.2,1.8,0.5,1.2,0.4,0.4,0
Solomon Hill,IND,24,33,11.5,2.9,0.7,0.2,0.8,2.9,0.2,0.5,0.8,0.5,4.6,1.5,54.2,1.3,13.8,18.2,1.9,0.2,0.1,1.8,0.6,0.5,0.2,0.5,0.5,0.1
Sonny Weems,PHX,29,34,12.2,2.6,0.4,0.4,1,2.6,0,0.3,1.4,1.1,1.9,0.4,73.3,0.8,13.5,17.8,2.9,0.2,0.2,3.3,0.4,1.3,0.5,0.1,0.2,0.1
Spencer Dinwiddie,DET,22,9,12.3,3.9,2.1,0.1,0.8,4.4,0,0.2,1.4,0.6,1.3,0.2,100,1.3,24.4,31.8,4.6,0.7,0,3.2,2.7,0.2,1.2,0,0,0
Spencer Hawes,CHA,27,47,19.1,5.5,1.2,0.7,2,6.2,0.4,0.4,2,1.1,9,4.5,50.2,1.8,20.1,27.7,3.7,0.4,0.2,4.8,0.3,2.3,0.4,1.5,1.8,0.2
Stanley Johnson,DET,19,57,23.9,8.8,1.5,0.9,3,9,0.2,0.7,1.6,1.5,8,1.3,56.6,2.9,22.9,35.1,3.1,0.2,0.4,4.2,2,2.5,1.8,0.5,0.5,0.1
Stephen Curry,GSW,27,53,33.8,19.6,5.4,4.9,10.8,29.8,0.2,2.2,6.6,3.3,9,1.6,50,5.1,57.3,85.8,12.3,2.4,0.8,15.7,4.6,7.5,10,1.4,1.5,0.8
Steve Blake,DET,35,33,15.7,4,0.2,0.9,2.6,4.2,0.1,0.4,2.9,1.4,2.4,1.1,63.9,0.4,33.2,41.2,6.6,0.9,0.5,7.2,0.5,2.1,1.4,0,0.1,0
Steve Novak,MIL,32,8,3.2,1.6,0,0.6,1.3,2.1,0,0,0,0.1,1,0.3,100,0,3.1,4.9,0.1,0,0,0,0,1.9,0.3,0,0,0
Steven Adams,OKC,22,54,25.1,4.8,2.6,0,0,7.2,1.2,0.4,0.7,1,13.8,6,48.3,4,38,45.5,1.5,0.5,0.1,1.5,0,0.2,0,4.1,4.1,0.3
TJ McConnell,PHI,23,56,20.5,5.7,0.5,0.4,1.2,6.1,0.1,1.3,4.7,2,5.4,1.4,47.5,1.3,48.9,59.5,9.6,0.6,0.4,11.4,2.3,0.8,2.6,0.1,0.1,0.1
TJ Warren,PHX,22,47,22.8,9.4,1.4,0.6,1.5,11,0.3,0.8,0.9,0.7,6.3,1.7,53.2,3,19.1,30.5,2.1,0.3,0.1,2.3,1.2,2.4,2.9,1.2,1.3,0.7
Taj Gibson,CHI,30,55,26.6,6.6,1.9,0,0.1,7.9,1.1,0.5,1.3,1.1,14.5,5.1,45.9,3.7,25.8,35,2.9,0.4,0.1,3.3,0.1,1.4,0.3,2.7,3.1,0.7
Tarik Black,LAL,24,21,12.3,2.6,1.2,0,0,3.4,0.4,0.3,0.2,0.5,7.4,3.1,55.4,1.9,14.3,18.1,1,0.1,0,0.6,0.1,0.1,0,1.6,2.1,0
Tayshaun Prince,MIN,35,55,21,3.2,0.2,0.1,0.3,3.2,0.2,0.5,1,0.4,3.7,1.7,54.7,0.6,16,20.1,2,0.2,0.1,2.1,0.2,1.6,0.5,0.4,0.5,0.1
Terrence Jones,HOU,24,46,22.1,7.8,2.5,0.5,1.7,9.2,0.8,0.5,0.9,1,8.8,4.6,51.2,4.2,25,35.6,1.7,0.3,0.1,2.3,1.3,1.6,0.3,1.9,2.1,0.5
Terrence Ross,TOR,25,49,23.8,7.7,0.7,1.7,4.4,9.1,0.4,0.8,0.7,0.7,4.2,1.4,43.5,0.8,14.6,23.9,1.9,0.2,0.1,1.9,0.5,5.1,2.1,0.2,0.2,0.5
Terry Rozier,BOS,21,20,5.6,2.5,0.2,0.1,0.7,1.5,0,0,0.7,0.5,2.2,0.3,66.7,1,10.4,14.3,1.7,0.2,0.1,1.6,0.4,0.2,0.5,0,0,0.1
Thabo Sefolosha,ATL,31,52,23.9,5.3,1.3,0.5,1.7,6.8,0.5,1.2,1.4,0.9,8.9,2,53.4,2.4,29.2,37.5,2.8,0.5,0.2,3.5,0.9,1.8,0.6,1.3,1.3,0.4
Thaddeus Young,BKN,27,57,32.8,13.1,2.4,0.1,0.4,14.9,0.4,1.5,1.8,1.9,16.2,5,55.1,6.8,45.8,63.3,3.4,0.5,0.1,4.2,2.2,1.1,1.1,3.5,4.1,1.3
Thanasis Antetokounmpo,NYK,23,2,3.1,2,0,0,0.5,3,0,0,0,0,1,0,0,1.5,1.5,3.5,0,0,0,0,2,0,0,1,1,0
Thomas Robinson,BKN,24,51,10.3,3.2,1,0,0,3.3,0.6,0.4,0.3,0.7,8.2,3.3,45.2,2.1,13.5,18.3,0.6,0.1,0,0.6,0.2,0.1,0.1,1.3,1.3,0.2
Tiago Splitter,ATL,31,36,16.1,4.3,1.3,0,0.1,5.6,0.3,0.6,0.8,0.7,7.9,4.3,47.4,3.6,16.4,22.6,1.6,0.3,0.1,1.9,0,0.1,0.1,3.2,3.6,0.2
Tibor Pleiss,UTA,26,12,6.8,2.1,0.2,0,0.2,2,0.2,0.1,0.2,0.7,2.8,1.7,65,1.3,9.1,11.8,0.8,0.2,0,0.4,0,0.7,0,0.7,0.8,0
Tim Duncan,SAS,39,41,25.4,7.2,2.2,0,0,8.6,1.4,0.9,2.9,1.6,13.1,7,45.8,3,34.5,46,4.6,0.4,0.1,6.3,0.3,0.7,0.6,3.7,4.4,1.1
Tim Frazier,POR,25,35,7.8,1.7,0.4,0.1,0.5,1.5,0,0.3,1.2,0.8,2.3,0.3,66.7,0.7,15,19,2.9,0.3,0.2,2.9,0.3,0.1,0.4,0.1,0.2,0
Tim Hardaway Jr.,ATL,23,27,15.1,4.1,0.8,0.5,2.1,4.4,0.1,0.4,1,0.4,2.8,0.7,45,1,12.1,17.4,2,0.3,0.1,2.6,0.9,1.3,0.6,0.1,0.1,0
Timofey Mozgov,CLE,29,52,17.7,5,1.3,0,0.1,6.4,0.8,0.3,0.4,0.9,9.3,5.1,46.6,3.4,18.7,25.5,1.2,0.2,0.1,1.1,0.1,0.9,0,3.8,3.9,0.3
Tobias Harris,DET,23,52,32.9,11.2,3.1,1,3.2,13.8,0.6,1,2,1.6,12.1,3.2,48.5,5.1,36.6,51.8,4.4,0.7,0.1,4.8,2.4,3.1,1.1,1.6,2.1,0.7
Toney Douglas,NOP,29,35,15.8,5.1,1.1,1,2.5,5.9,0.1,1.1,1.8,0.6,3.1,0.9,54.5,1.3,20.9,28.1,3.5,0.3,0.1,4.2,1.1,1.7,1.6,0.3,0.3,0.1
Tony Allen,MEM,34,47,24.5,6.2,1.8,0.2,0.6,6.7,0.3,1.6,0.9,1,8.6,1.6,57.5,4.1,19,27.5,1.9,0.2,0.1,2.1,1.1,1.2,0.2,0.8,1,0.3
Tony Parker,SAS,33,51,26.9,10.1,2.4,0.4,0.8,12.5,0.1,0.8,5.1,1.7,4.1,1,66,3.8,53.2,68.5,10.3,1.6,0.2,11.2,4.9,1.3,3.7,0.5,0.5,0.4
Tony Snell,CHI,24,53,20.5,5.3,0.5,0.9,2.5,5.3,0.3,0.3,0.9,0.8,5.4,2,56.5,1.5,13.5,20.5,2,0.3,0.1,1.9,0.9,2.3,1.1,0.3,0.2,0.1
Tony Wroten,PHI,22,8,18,8.1,4.6,0.4,2.1,8.4,0,0.4,2.5,3.6,4.6,0.5,75,5.1,34.9,50.8,5.5,0.3,0.5,6.3,4.4,1.1,0.3,0.3,0,0.8
Trevor Ariza,HOU,30,56,34.8,10.5,2,2.3,6.1,12.6,0.3,2,2,1.4,9,2.2,52.8,2.9,38.5,52.6,4.6,0.7,0.3,5,1.7,6,1.5,0.5,0.6,0.1
Trevor Booker,UTA,28,54,22.1,5.1,1.3,0.1,0.5,5.7,0.5,0.9,1,1.2,12.2,2.9,54.8,3.7,38.9,46.6,3,0.2,0.1,2.7,0.3,0.5,0,1,1.4,0.6
Trey Burke,UTA,23,53,23.4,10.8,1.2,1.5,4.3,11.5,0.1,0.6,2.6,1.3,3.6,1.2,60.9,2.2,40.9,55.5,5.4,0.8,0.3,6.2,2.3,4.1,3.8,0,0,0.2
Trey Lyles,UTA,20,54,16.7,4.2,0.9,0.4,0.9,4.5,0.2,0.2,0.7,0.8,7.4,2.9,51,1.4,26.1,31.9,1.8,0.1,0.1,2,0.5,1.9,0.6,0.5,0.6,0.2
Tristan Thompson,CLE,24,55,28.3,5.3,2.8,0,0,7.8,0.5,0.3,0.7,0.7,18.9,6.3,51.9,4.1,29.5,37.3,1.5,0.2,0.1,1.8,0.2,0.1,0.1,3.7,3.8,0.7
Troy Daniels,CHA,24,27,10.6,4.3,0.3,1.3,2.6,5.4,0,0.2,0.4,0.6,2.5,0.6,47.1,0.2,8.3,13.6,0.7,0,0,0.9,0.1,4.3,0.7,0,0.1,0.5
Ty Lawson,HOU,28,50,23.2,5.6,1.6,0.6,1.9,6.1,0.1,0.8,3.6,1.6,3.3,1.1,66.7,1.6,35.7,45.6,7.7,0.8,0.4,8.6,1.5,1.5,1.7,0.2,0.2,0
Tyler Ennis,MIL,21,24,8.7,2.5,0.5,0.2,0.6,2.5,0,0.3,1,0.6,1.6,0.5,63.6,0.9,16.8,20.9,1.9,0.4,0.1,2.5,0.6,0.4,0.5,0,0.1,0
Tyler Hansbrough,CHA,30,31,9.1,1.9,1.5,0.1,0.1,2.5,0.2,0.4,0.2,0.4,5.2,1.8,49.1,1.5,5.2,8.6,0.5,0.1,0,0.5,0.1,0.2,0,0.6,0.7,0
Tyler Johnson,MIA,23,36,24,6.8,1.8,0.8,2,8.7,0.4,0.7,2.2,1.3,6.3,2,43.1,2.5,36.4,47.1,4.4,0.5,0.2,5.1,2.7,2.8,1.1,0.7,0.6,0.3
Tyler Zeller,BOS,26,40,10.4,4.5,1.4,0,0,5.4,0.2,0.2,0.4,0.9,6,2.9,51.3,2.4,12.1,18.4,1.1,0.3,0.1,1.1,0.2,0.9,0,1.7,1.7,0.5
Tyreke Evans,NOP,26,25,30.6,12.6,3.7,1.3,3.4,15.2,0.3,1.3,6.6,2.9,8.7,2,52.9,7.1,59.6,80.9,12.9,1.1,0.7,16,6.4,2,3.2,0.2,0.3,0.1
Tyson Chandler,PHX,33,46,23.1,4,2.5,0,0,5.8,0.6,0.5,0.9,1.2,14.5,5.3,53.7,3.4,31.4,38.2,2.4,0.3,0.1,2.2,0,0.1,0,3.1,3.1,0.2
Tyus Jones,MIN,19,12,11.6,3.8,0.7,0.3,0.7,3.7,0.1,0.4,1.8,0.8,2.3,0.4,40,1.4,20.6,27.2,3.8,0.5,0.1,4.3,0.8,0.5,1.2,0.2,0.2,0.2
Udonis Haslem,MIA,35,27,7.9,1.7,0.3,0,0.3,1.6,0.1,0.2,0.5,0.2,3.6,1.1,56.7,0.4,10.8,13.1,0.9,0.3,0,1.1,0.1,0.6,0,0.4,0.4,0.1
Victor Oladipo,ORL,23,51,31.9,12.7,3.3,1.4,4,14.6,0.6,1.4,4.1,2.2,9,2.5,55.6,4.2,41.3,60.3,7.5,0.9,0.2,9.3,2.9,3.3,3.9,0.6,1,0.4
Vince Carter,MEM,39,37,14.2,4.4,1,0.7,2.4,4.8,0.2,0.5,0.7,0.5,4,1.3,51.1,1.1,14.7,20.5,1.4,0.2,0.1,1.6,0.5,2,0.6,0.4,0.5,0.1
Walter Tavares,ATL,23,10,6.9,1.8,0.8,0,0,2.3,0.6,0.1,0.2,0.5,3.4,2.2,50,1.4,8.7,11.6,0.4,0.2,0,0.5,0,0,0,0.8,0.8,0
Wayne Ellington,BKN,28,56,20.4,7,0.9,1.1,3.2,7.4,0.1,0.6,0.9,0.6,3.9,1.1,65.6,1,14.2,22.7,1.7,0.3,0.1,2.2,0.4,2.8,2.4,0.3,0.3,0.4
Wesley Johnson,LAC,28,56,20,6,0.6,1.3,3.9,6.9,0.7,1.1,0.6,0.6,6.4,2.4,56.9,0.8,16.8,24.4,1.1,0.1,0.1,1.6,0.1,4.3,0.8,0.5,0.5,0.2
Wesley Matthews,DAL,29,53,33.1,10.8,1.8,2.3,6.5,12.2,0.2,0.9,1.9,1,5.9,1.5,60.8,1.7,31.5,45.5,3.8,0.5,0.1,4.6,1.5,6.2,2.1,0.4,0.5,0.1
Will Barton,DEN,25,57,28.6,12.6,3.2,1.5,4.1,15.5,0.5,0.9,2.4,1.6,10.2,3.1,55.3,4.8,30.7,48.3,5.2,0.9,0.4,5.7,4.1,3.3,3.3,0.4,0.5,0.4
Willie Cauley-Stein,SAC,22,41,20.4,4.4,1.8,0,0,6.4,1.2,0.6,0.4,0.7,9.8,3.6,46.9,3.7,15.3,21,1.1,0.3,0.1,1,0,0.2,0,3.1,3.3,0.1
Willie Reed,BKN,25,28,10,3,1.1,0,0,4.2,0.6,0.1,0.2,0.5,5.3,3,45.2,2.1,7.8,12.1,0.3,0.1,0,0.4,0,0.4,0.1,1.6,2.1,0.3
Zach LaVine,MIN,20,57,24.7,11.1,2.6,1.1,3.2,13,0.2,0.6,3.1,1.9,5.5,1.1,54.7,3.6,36.4,52.7,6.4,0.8,0.4,7.2,3.5,2,3.9,0.3,0.3,0.3
Zach Randolph,MEM,34,50,29.2,12.2,2.9,0,0.2,14.3,0.2,0.6,1.6,1.5,16.1,5.2,54.6,5.6,31.9,48.6,3.8,0.5,0.3,4,0.8,2.1,0.9,2.6,3.5,0.8
Zaza Pachulia,DAL,32,52,29.7,7.1,4.5,0,0,10,0.3,1,2,1.9,20.6,8.4,52.6,4.2,35.5,48.1,4,0.6,0.2,4.7,0.4,1.1,0.2,3.9,4.1,1.2
